Date,XLY,XLP,XLE,XLF,XLV,XLI,XLB,XLK,XLU
1/2/2015,69.37978363,45.94983292,75.27411652,19.32240295,66.60069275,54.11255264,46.6602478,39.77982712,44.21745682
1/3/2015,69.37978363,45.94983292,75.27411652,19.32240295,66.60069275,54.11255264,46.6602478,39.77982712,44.21745682
1/4/2015,69.37978363,45.94983292,75.27411652,19.32240295,66.60069275,54.11255264,46.6602478,39.77982712,44.21745682
1/5/2015,68.05282593,45.62670898,72.16017151,18.91610909,66.26104736,52.8485527,45.47096634,39.17257309,43.67685699
1/6/2015,67.37480927,45.5696907,71.10010529,18.62701607,66.0378418,52.19740295,45.06814194,38.70026398,43.70481873
1/7/2015,68.44025421,46.34898376,71.25154877,18.82234955,67.59053802,52.59000778,45.57646561,39.02798843,44.13357162
1/8/2015,69.46696472,47.05224991,72.85111237,19.10363007,68.74534607,53.64334488,46.6602478,39.88585281,44.44115448
1/9/2015,68.66303253,46.6721077,72.27375031,18.84578896,68.1339798,53.06879425,46.42047119,39.76054764,44.16152954
1/10/2015,68.66303253,46.6721077,72.27375031,18.84578896,68.1339798,53.06879425,46.42047119,39.76054764,44.16152954
1/11/2015,68.66303253,46.6721077,72.27375031,18.84578896,68.1339798,53.06879425,46.42047119,39.76054764,44.16152954
1/12/2015,68.29497528,46.52955246,70.19147491,18.6895237,68.16309357,52.70491791,46.31497192,39.29788208,44.05900574
1/13/2015,68.29497528,46.52005005,69.63305664,18.62701607,67.86225891,52.59958649,45.79705811,39.26896286,44.18017197
1/14/2015,67.47167206,46.37749481,69.85073853,18.36136246,67.75550842,52.31230927,45.25996017,39.04726791,44.56232071
1/15/2015,66.59994507,46.45352173,68.96105194,18.13477516,67.02768707,52.06334305,45.1736412,38.5460434,44.91651154
1/16/2015,67.48136139,46.82416534,71.204216,18.35354996,68.28924561,52.40806961,45.89296722,38.92195892,45.3173027
1/17/2015,67.48136139,46.82416534,71.204216,18.35354996,68.28924561,52.40806961,45.89296722,38.92195892,45.3173027
1/18/2015,67.48136139,46.82416534,71.204216,18.35354996,68.28924561,52.40806961,45.89296722,38.92195892,45.3173027
1/19/2015,67.48136139,46.82416534,71.204216,18.35354996,68.28924561,52.40806961,45.89296722,38.92195892,45.3173027
1/20/2015,67.09392548,47.01423264,71.28940582,18.27541542,68.28924561,52.78152466,45.96969986,39.24968338,45.42914963
1/21/2015,67.52979279,47.24232101,72.73753357,18.32229424,68.42510986,53.21243286,46.42047119,39.31716156,45.86722183
1/22/2015,68.79863739,47.71749878,73.07826233,18.77546883,69.24027252,54.06467438,47.00552368,39.96296692,45.67148972
1/23/2015,68.7017746,47.18529892,72.55769348,18.57232094,68.84239197,53.61461258,46.27661133,39.95332718,45.80197906
1/24/2015,68.7017746,47.18529892,72.55769348,18.57232094,68.84239197,53.61461258,46.27661133,39.95332718,45.80197906
1/25/2015,68.7017746,47.18529892,72.55769348,18.57232094,68.84239197,53.61461258,46.27661133,39.95332718,45.80197906
1/26/2015,69.06015015,47.18529892,73.59883118,18.66608238,69.20145416,53.68164444,46.47801971,39.78946304,45.77401733
1/27/2015,68.50805664,46.64359283,73.55150604,18.46293449,68.70652771,52.97304153,46.16151428,38.64243317,45.83926392
1/28/2015,67.61695862,46.10189056,70.65525818,18.12696075,67.71669006,52.51340485,45.32709885,38.57496262,45.44779205
1/29/2015,68.537117,46.47253036,70.89188385,18.27541542,68.28924561,53.11667252,45.92174149,38.9412384,46.05363846
1/30/2015,67.79130554,45.63621521,71.50709534,17.978508,67.22177124,52.25485992,45.7395134,38.45929337,45.03768158
1/31/2015,67.79130554,45.63621521,71.50709534,17.978508,67.22177124,52.25485992,45.7395134,38.45929337,45.03768158
2/1/2015,67.79130554,45.63621521,71.50709534,17.978508,67.22177124,52.25485992,45.7395134,38.45929337,45.03768158
2/2/2015,68.40151215,46.1779213,73.69348145,18.26760101,67.60023499,53.03049088,46.15192413,38.85448837,45.2334137
2/3/2015,69.85439301,46.58657455,75.70949554,18.57232094,68.05634308,53.8923111,47.16857529,39.29788208,45.4011879
2/4/2015,70.31931305,46.60557938,74.46013641,18.52544212,67.20236206,53.48055267,46.86166382,39.37499237,44.85126495
2/5/2015,70.75517273,46.84316635,75.52966309,18.7129631,68.33776855,53.94018936,47.99339676,39.74127197,45.26137543
2/6/2015,70.64862823,46.63409042,75.54859924,18.86141586,67.71669006,53.81570435,47.87830734,39.61596298,43.39723206
2/7/2015,70.64862823,46.63409042,75.54859924,18.86141586,67.71669006,53.81570435,47.87830734,39.61596298,43.39723206
2/8/2015,70.64862823,46.63409042,75.54859924,18.86141586,67.71669006,53.81570435,47.87830734,39.61596298,43.39723206
2/9/2015,70.37742615,46.28245926,75.62432098,18.76765633,66.92093658,53.67206955,47.82076263,39.55813217,43.01508331
2/10/2015,71.23946381,46.82416534,75.5864563,18.91610909,68.04663849,53.96891785,48.17562866,40.14610291,43.90055084
2/11/2015,71.25884247,47.0427475,75.05641937,18.91610909,68.11456299,53.98806763,48.09889984,40.3003273,42.94984055
2/12/2015,72.10150909,47.26132965,76.04076385,19.10363007,68.3571701,54.49558258,48.92372513,40.84974289,42.75410461
2/13/2015,72.5373764,47.0427475,77.64980316,19.08800316,68.62889862,54.74455261,49.33613968,41.1099968,42.10165405
2/14/2015,72.5373764,47.0427475,77.64980316,19.08800316,68.62889862,54.74455261,49.33613968,41.1099968,42.10165405
2/15/2015,72.5373764,47.0427475,77.64980316,19.08800316,68.62889862,54.74455261,49.33613968,41.1099968,42.10165405
2/16/2015,72.5373764,47.0427475,77.64980316,19.08800316,68.62889862,54.74455261,49.33613968,41.1099968,42.10165405
2/17/2015,72.37271881,47.05224991,77.8864212,19.15051079,69.12381744,54.82115936,49.3936882,41.12927246,42.0643692
2/18/2015,72.33397675,47.30884552,76.9588623,19.03330994,69.20145416,55.12758255,49.52796173,41.16783142,43.06169128
2/19/2015,72.55674744,47.00473022,76.59919739,18.95517731,69.31790924,55.22333908,49.66223526,41.31241608,42.57701492
2/20/2015,73.07009125,47.13777924,76.23007202,19.09581566,70.04573059,55.69255447,49.80610275,41.52447128,42.58633041
2/21/2015,73.07009125,47.13777924,76.23007202,19.09581566,70.04573059,55.69255447,49.80610275,41.52447128,42.58633041
2/22/2015,73.07009125,47.13777924,76.23007202,19.09581566,70.04573059,55.69255447,49.80610275,41.52447128,42.58633041
2/23/2015,73.00229645,47.27083206,75.91772461,19.04893684,70.36597443,55.45315933,49.74855423,41.5533905,42.87527466
2/24/2015,73.35098267,47.43239212,76.12595367,19.14269638,70.27863312,55.67340088,49.95955658,41.67869186,43.19218063
2/25/2015,73.9127655,47.27083206,76.54240417,19.14269638,70.24951935,55.55849457,49.81568909,41.41844177,42.4838028
2/26/2015,73.68030548,47.33735657,75.12267303,19.09581566,70.44360352,55.30952072,49.49918747,41.67869186,42.20418167
2/27/2015,73.58345032,47.52742767,74.79140472,19.02549744,70.1039505,55.0509758,49.38409424,41.53411102,42.15758133
2/28/2015,73.58345032,47.52742767,74.79140472,19.02549744,70.1039505,55.0509758,49.38409424,41.53411102,42.15758133
3/1/2015,73.58345032,47.52742767,74.79140472,19.02549744,70.1039505,55.0509758,49.38409424,41.53411102,42.15758133
3/2/2015,74.46485901,47.61296082,74.27084351,19.16613579,70.73473358,55.55849457,49.71018982,41.86183548,41.34667969
3/3/2015,74.26145935,47.43239212,74.5453186,19.11144257,70.09424591,55.2041893,49.44164276,41.58230591,41.59833527
3/4/2015,73.87402344,47.09976578,74.44120789,18.99424362,70.43390656,54.77327728,49.26900482,41.41844177,41.3653183
3/5/2015,73.92245483,47.26132965,73.99636078,19.07237625,70.68621063,54.81158066,49.05799866,41.37024689,41.69154358
3/6/2015,73.04103851,46.33947754,72.67127228,18.93173599,69.29849243,54.06467438,48.39622116,40.85938644,40.44256973
3/7/2015,73.04103851,46.33947754,72.67127228,18.93173599,69.29849243,54.06467438,48.39622116,40.85938644,40.44256973
3/8/2015,73.04103851,46.33947754,72.67127228,18.93173599,69.29849243,54.06467438,48.39622116,40.85938644,40.44256973
3/9/2015,73.45752716,46.59607697,72.15070343,19.01768303,69.72548676,54.57218933,48.46335983,41.05216599,40.51713181
3/10/2015,72.31459808,45.93082428,71.14743042,18.61138916,68.94913483,53.56673431,47.7248497,40.21357727,40.44256973
3/11/2015,71.91748047,45.57919312,71.35565948,18.72859001,68.9103241,53.50928116,47.66730499,39.95332718,40.18159103
3/12/2015,73.38004303,46.2444458,70.9013443,19.13488388,69.82252502,54.19873428,48.26194763,40.21357727,40.94588852
3/13/2015,72.79888916,45.88330841,70.63632965,19.00205612,69.6866684,53.70079422,47.80157852,39.99188232,40.52645493
3/14/2015,72.79888916,45.88330841,70.63632965,19.00205612,69.6866684,53.70079422,47.80157852,39.99188232,40.52645493
3/15/2015,72.79888916,45.88330841,70.63632965,19.00205612,69.6866684,53.70079422,47.80157852,39.99188232,40.52645493
3/16/2015,73.65125275,46.44401932,71.59227753,19.23645592,71.22966003,54.59133911,47.7248497,40.46419144,41.22550964
3/17/2015,73.24443817,46.11139679,71.31780243,19.1895771,71.02585602,54.37109756,47.19734573,40.47382736,41.16026306
3/18/2015,73.89339447,46.42501068,73.39060974,19.29896355,71.94777679,55.01267242,47.91667175,41.02324677,42.26942825
3/19/2015,73.78684998,46.21593094,72.22642517,19.11925697,72.3650589,54.63921738,47.09184265,40.90758133,41.87796021
3/20/2015,74.60559082,46.79146957,73.28166199,19.37764359,72.88764191,54.94631577,47.39377213,41.17110825,42.25162506
3/21/2015,74.60559082,46.79146957,73.28166199,19.37764359,72.88764191,54.94631577,47.39377213,41.17110825,42.25162506
3/22/2015,74.60559082,46.79146957,73.28166199,19.37764359,72.88764191,54.94631577,47.39377213,41.17110825,42.25162506
3/23/2015,74.47926331,46.86796188,73.02440643,19.26785469,72.68327332,54.48458099,47.39377213,41.17110825,42.27980423
3/24/2015,74.09053802,46.60025024,72.53845978,19.11101532,72.0507431,54.3018074,47.23973846,41.0356102,41.81013489
3/25/2015,72.88549805,46.48551941,73.48175812,18.80517578,70.73700714,53.37834167,46.71025467,39.98068619,41.32167435
3/26/2015,72.42874908,46.28474045,73.39600372,18.78949165,70.57157898,53.23405457,46.81614685,40.00972366,40.97411728
3/27/2015,72.79803467,46.57156754,72.79573059,18.76596642,71.07761383,53.43606186,46.79689789,40.03875732,41.21834564
3/28/2015,72.79803467,46.57156754,72.79573059,18.76596642,71.07761383,53.43606186,46.79689789,40.03875732,41.21834564
3/29/2015,72.79803467,46.57156754,72.79573059,18.76596642,71.07761383,53.43606186,46.79689789,40.03875732,41.21834564
3/30/2015,73.54632568,47.04005814,74.35836029,19.04043579,71.79772949,54.18637848,47.43228149,40.52266693,41.72559357
3/31/2015,73.22563171,46.60025024,73.9200592,18.90712166,70.55211639,53.64768982,46.96055603,40.10650253,41.73498917
4/1/2015,72.90493011,46.65761566,73.90100098,18.89143944,69.84172821,53.29176712,47.0953331,40.0484314,41.77256012
4/2/2015,73.5560379,46.97312927,74.05345154,18.9855423,70.05581665,53.32062912,47.14346695,40.03875732,41.84770584
4/3/2015,73.5560379,46.97312927,74.05345154,18.9855423,70.05581665,53.32062912,47.14346695,40.03875732,41.84770584
4/4/2015,73.5560379,46.97312927,74.05345154,18.9855423,70.05581665,53.32062912,47.14346695,40.03875732,41.84770584
4/5/2015,73.5560379,46.97312927,74.05345154,18.9855423,70.05581665,53.32062912,47.14346695,40.03875732,41.84770584
4/6/2015,73.90589142,47.3460083,75.3874054,19.01691055,70.16286469,53.72464371,47.51892471,40.42588806,42.43009949
4/7/2015,73.49773407,47.12610245,75.43504333,18.91496468,70.32829285,53.5995903,47.44190598,40.33878326,41.94163895
4/8/2015,74.18771362,47.20259476,74.82524109,18.9855423,70.92190552,53.78236008,47.57668304,40.46459579,41.81952667
4/9/2015,74.25574493,47.33644867,76.02580261,19.01691055,71.45713043,54.04208755,47.71146011,40.57105637,41.64105225
4/10/2015,74.50841522,47.4224968,76.35928345,19.00906944,72.07020569,54.80202103,47.846241,40.72591019,41.95103455
4/11/2015,74.50841522,47.4224968,76.35928345,19.00906944,72.07020569,54.80202103,47.846241,40.72591019,41.95103455
4/12/2015,74.50841522,47.4224968,76.35928345,19.00906944,72.07020569,54.80202103,47.846241,40.72591019,41.95103455
4/13/2015,74.10025787,47.20259476,75.59702301,19.07964706,71.68094635,54.2825737,47.65370178,40.60977173,41.53772354
4/14/2015,74.06138611,47.30776596,76.95956421,19.07964706,71.79772949,54.34991074,47.85586548,40.48395157,41.74438095
4/15/2015,74.06138611,47.17391205,78.79851532,19.15022469,71.98262787,54.44610214,48.31796265,40.84204865,41.84770584
4/16/2015,74.20715332,47.3460083,78.61746979,19.18159294,71.94369507,54.3306694,48.21206665,40.69687653,41.57529831
4/17/2015,73.10900879,46.90620041,78.045784,18.92280579,71.32089233,53.676548,47.76922226,40.13553619,41.42500305
4/18/2015,73.10900879,46.90620041,78.045784,18.92280579,71.32089233,53.676548,47.76922226,40.13553619,41.42500305
4/19/2015,73.10900879,46.90620041,78.045784,18.92280579,71.32089233,53.676548,47.76922226,40.13553619,41.42500305
4/20/2015,73.91561127,47.06874084,78.34116364,19.00122643,71.75880432,54.3018074,48.11579514,40.82269287,42.04496765
4/21/2015,73.9933548,47.15478897,77.5121994,18.90712166,72.23563385,54.23447418,47.75959778,40.8033371,41.66923523
4/22/2015,74.06138611,47.18347168,78.02672577,19.04043579,72.35240936,54.46534348,47.85586548,41.21949768,41.75377655
4/23/2015,74.43066406,47.02093506,78.56030273,19.07180405,72.62488556,54.40762329,47.98101807,41.38402557,41.98860931
4/24/2015,75.44134521,47.03049469,78.11248016,19.04043579,72.39134216,54.17675781,48.38535309,41.74211884,42.4113121
4/25/2015,75.44134521,47.03049469,78.11248016,19.04043579,72.39134216,54.17675781,48.38535309,41.74211884,42.4113121
4/26/2015,75.44134521,47.03049469,78.11248016,19.04043579,72.39134216,54.17675781,48.38535309,41.74211884,42.4113121
4/27/2015,74.78051758,46.7723465,78.02672577,18.96985817,71.07761383,54.15752029,48.80894089,41.85826111,41.90406799
4/28/2015,74.51813507,46.82015228,78.41738129,19.07964706,71.42794037,54.2537117,48.87633133,41.99375534,42.20465851
4/29/2015,74.01278687,46.39947128,79.02719116,19.07180405,70.77593231,53.98436737,48.84744644,41.79051208,42.02618027
4/30/2015,73.18675232,46.24649429,78.77945709,18.92280579,69.78334045,53.51301575,48.53938293,41.20981979,41.53772354
5/1/2015,74.19743347,46.66717529,78.96048737,19.08749008,70.72727966,54.18637848,49.3384285,41.71308517,41.77256012
5/2/2015,74.19743347,46.66717529,78.96048737,19.08749008,70.72727966,54.18637848,49.3384285,41.71308517,41.77256012
5/3/2015,74.19743347,46.66717529,78.96048737,19.08749008,70.72727966,54.18637848,49.3384285,41.71308517,41.77256012
5/4/2015,74.35292053,46.73410416,78.76039886,19.27569771,71.17491913,54.27295303,49.20365143,41.75180054,42.08254242
5/5/2015,73.5754776,46.36122513,77.78852081,19.1031723,70.2796402,53.54187393,48.64528275,41.10335922,41.14319992
5/6/2015,73.27422333,46.50464249,77.48361969,19.00906944,70.00715637,53.51301575,48.65490723,40.75494385,40.91775513
5/7/2015,73.65322876,46.61937332,76.64512634,19.14238358,70.33802795,53.79198074,48.86670303,41.05496597,41.06805038
5/8/2015,74.44038391,47.01137161,77.90285492,19.41685486,71.47659302,54.42686462,49.646492,41.64533997,41.35924911
5/9/2015,74.44038391,47.01137161,77.90285492,19.41685486,71.47659302,54.42686462,49.646492,41.64533997,41.35924911
5/10/2015,74.44038391,47.01137161,77.90285492,19.41685486,71.47659302,54.42686462,49.646492,41.64533997,41.35924911
5/11/2015,74.10997009,46.82015228,76.43551636,19.34627533,71.51551819,54.37876511,49.41544342,41.43241882,41.07744598
5/12/2015,73.9739151,46.71498489,76.78805542,19.27569771,71.05814362,54.32104874,48.89558029,41.20981979,41.03047943
5/13/2015,73.50745392,46.69586182,76.58795929,19.28354073,71.13599396,54.43648529,48.83782196,41.38402557,40.62656403
5/14/2015,73.83786774,47.41293716,76.55937958,19.45606422,72.11886597,54.98479462,49.34805298,42.05182648,41.09623337
5/15/2015,74.43066406,47.56591034,76.8642807,19.36980057,72.26483154,54.9366951,49.58872986,41.91632843,41.63166046
5/16/2015,74.43066406,47.56591034,76.8642807,19.36980057,72.26483154,54.9366951,49.58872986,41.91632843,41.63166046
5/17/2015,74.43066406,47.56591034,76.8642807,19.36980057,72.26483154,54.9366951,49.58872986,41.91632843,41.63166046
5/18/2015,74.7124939,47.41293716,76.93097687,19.47959137,72.69300842,55.04250717,49.36730576,42.11957169,41.7913475
5/19/2015,74.69306183,47.28864288,75.83522797,19.58937836,73.03359985,54.88859558,49.12663269,42.01311111,41.88528061
5/20/2015,74.60559082,47.18347168,75.97815704,19.53448486,73.13092041,54.68658829,49.09775162,42.04214478,41.95103455
5/21/2015,74.8971405,47.28864288,76.69277191,19.48743248,73.14064789,54.98479462,49.27103806,42.22602844,41.93224716
5/22/2015,74.77079773,47.08786392,76.4164505,19.49527359,72.96548462,54.73468399,49.21327591,42.1969986,41.86649323
5/23/2015,74.77079773,47.08786392,76.4164505,19.49527359,72.96548462,54.73468399,49.21327591,42.1969986,41.86649323
5/24/2015,74.77079773,47.08786392,76.4164505,19.49527359,72.96548462,54.73468399,49.21327591,42.1969986,41.86649323
5/25/2015,74.77079773,47.08786392,76.4164505,19.49527359,72.96548462,54.73468399,49.21327591,42.1969986,41.86649323
5/26/2015,74.23630524,46.71498489,75.20636749,19.27569771,72.22590637,54.13827896,48.5971489,41.58726883,41.60348129
5/27/2015,74.79023743,47.01137161,75.07297516,19.48743248,73.06280518,54.48458099,48.91483688,42.37120438,41.77256012
5/28/2015,74.66390991,46.94444656,74.77759552,19.46390533,73.11145782,54.22485352,49.03998947,42.28409958,41.86649323
5/29/2015,74.14884186,46.64805603,74.69184113,19.29138184,72.92655945,53.68616486,48.72229767,41.97439957,41.8007431
5/30/2015,74.14884186,46.64805603,74.69184113,19.29138184,72.92655945,53.68616486,48.72229767,41.97439957,41.8007431
5/31/2015,74.14884186,46.64805603,74.69184113,19.29138184,72.92655945,53.68616486,48.72229767,41.97439957,41.8007431
6/1/2015,74.36264038,46.64805603,74.50127411,19.30706596,73.21849823,53.926651,48.74155045,42.09053421,41.85709763
6/2/2015,74.52784729,46.52376556,75.01580048,19.33843422,72.7416687,54.03246689,48.89558029,42.00343323,41.30288696
6/3/2015,75.11093903,46.49507904,74.50127411,19.50311661,72.8779068,54.3018074,48.94372177,42.09053421,40.69231796
6/4/2015,74.5764389,46.16044617,73.49128723,19.3305912,72.37187195,53.69578552,48.3660965,41.7034111,40.63595581
6/5/2015,74.36264038,45.50074005,74.0058136,19.4403801,72.34268188,53.73426437,48.14467621,41.56791687,40.12870789
6/6/2015,74.36264038,45.50074005,74.0058136,19.4403801,72.34268188,53.73426437,48.14467621,41.56791687,40.12870789
6/7/2015,74.36264038,45.50074005,74.0058136,19.4403801,72.34268188,53.73426437,48.14467621,41.56791687,40.12870789
6/8/2015,73.83786774,45.48161697,73.58656311,19.32275009,71.98262787,53.33986282,47.97138977,41.10335922,39.89387512
6/9/2015,73.76012421,45.70151901,73.57704163,19.36980057,71.96315765,53.33024597,48.00027466,41.00657654,39.79994202
6/10/2015,74.51813507,46.15088654,74.48222351,19.64427185,72.84870911,53.85931396,48.50087357,41.64533997,39.99720001
6/11/2015,74.77079773,46.13176346,74.14873505,19.72269249,73.34500122,54.16713715,48.61640167,41.66469574,40.31657791
6/12/2015,74.43066406,45.95010376,73.31977844,19.63643074,72.43998718,53.84969711,48.32759094,41.29692459,39.95962906
6/13/2015,74.43066406,45.95010376,73.31977844,19.63643074,72.43998718,53.84969711,48.32759094,41.29692459,39.95962906
6/14/2015,74.43066406,45.95010376,73.31977844,19.63643074,72.43998718,53.84969711,48.32759094,41.29692459,39.95962906
6/15/2015,74.08081818,45.61547089,73.14826965,19.55016899,72.52758026,53.39758301,48.02915192,41.0452919,39.89387512
6/16/2015,74.52784729,46.11264038,73.71996307,19.65995598,72.88764191,53.44567871,48.27945328,41.31628036,40.08174133
6/17/2015,74.86798859,46.36122513,73.53892517,19.63643074,72.95575714,53.58996964,48.4816246,41.33563614,40.41990662
6/18/2015,75.77176666,46.87752151,73.49128723,19.81679726,73.98727417,54.12866211,48.88595581,41.7034111,40.9553299
6/19/2015,75.5064621,46.81222153,72.81363678,19.48751068,73.93025208,53.86681747,48.55931091,41.35779953,40.56334686
6/20/2015,75.5064621,46.81222153,72.81363678,19.48751068,73.93025208,53.86681747,48.55931091,41.35779953,40.56334686
6/21/2015,75.5064621,46.81222153,72.81363678,19.48751068,73.93025208,53.86681747,48.55931091,41.35779953,40.56334686
6/22/2015,75.92566681,46.99500275,73.70570374,19.78683281,74.50637817,54.19551086,48.74306488,41.69807434,40.50646591
6/23/2015,76.22789001,46.79298019,73.94550323,19.82621765,74.65285492,54.06016541,48.60766602,41.7272377,39.95664597
6/24/2015,75.70144653,46.58133316,73.48508453,19.66080284,73.90096283,53.55746078,47.9887085,41.53279495,39.64382172
6/25/2015,75.64294434,46.49475098,72.73690033,19.54264832,74.31108093,53.14176178,47.95002365,41.43557739,39.37839127
6/26/2015,75.94517517,46.59095383,72.97670746,19.6056633,74.20366669,53.23843765,47.76626968,41.08557892,39.61538315
6/27/2015,75.94517517,46.59095383,72.97670746,19.6056633,74.20366669,53.23843765,47.76626968,41.08557892,39.61538315
6/28/2015,75.94517517,46.59095383,72.97670746,19.6056633,74.20366669,53.23843765,47.76626968,41.08557892,39.61538315
6/29/2015,74.22933197,45.86943436,71.59544373,19.13304901,72.38739014,52.2330246,46.65407562,40.21059418,39.40682983
6/30/2015,74.56079865,45.79246902,72.09423065,19.20394135,72.64128113,52.26202774,46.79914474,40.24947739,39.30255127
7/1/2015,75.40897369,46.37930679,71.17338562,19.49538803,73.42247009,52.5230484,47.06027222,40.52170181,39.53954315
7/2/2015,75.26273346,46.34082413,71.4899292,19.408741,73.08070374,52.42637634,46.91519928,40.58003235,40.03248596
7/3/2015,75.26273346,46.34082413,71.4899292,19.408741,73.08070374,52.42637634,46.91519928,40.58003235,40.03248596
7/4/2015,75.26273346,46.34082413,71.4899292,19.408741,73.08070374,52.42637634,46.91519928,40.58003235,40.03248596
7/5/2015,75.26273346,46.34082413,71.4899292,19.408741,73.08070374,52.42637634,46.91519928,40.58003235,40.03248596
7/6/2015,75.11649323,46.30234146,70.54989624,19.32997131,73.05140686,52.22336197,46.52835083,40.41475677,40.19363785
7/7/2015,75.76969147,47.25475311,71.19257355,19.36935616,73.40294647,52.6487236,46.37361145,40.47308731,41.18899918
7/8/2015,74.326828,46.72563553,69.75376129,19.03064919,72.1432724,51.70132065,45.35812759,39.81198883,40.97096634
7/9/2015,74.63879395,46.76411819,70.10866547,19.1803112,72.53386688,51.82699585,45.49352646,39.65643311,40.51594543
7/10/2015,75.72093964,47.3124733,70.49234772,19.408741,73.51036072,52.36837006,46.13183212,40.28836823,40.73397446
7/11/2015,75.72093964,47.3124733,70.49234772,19.408741,73.51036072,52.36837006,46.13183212,40.28836823,40.73397446
7/12/2015,75.72093964,47.3124733,70.49234772,19.408741,73.51036072,52.36837006,46.13183212,40.28836823,40.73397446
7/13/2015,76.81283569,47.75500488,70.99114227,19.64504814,74.13531494,52.94841766,46.63473511,40.90085983,40.7529335
7/14/2015,76.9103241,47.8319664,71.49951935,19.69231033,74.87744904,53.09342575,46.89585876,41.05641556,40.69606018
7/15/2015,76.8323288,47.70690536,70.24295044,19.85772514,74.97509766,52.87107468,46.52835083,41.06613541,40.89513016
7/16/2015,77.30029297,48.19753647,70.33887482,20.05464935,75.32663727,53.11275864,46.4122963,41.5911293,41.50182724
7/17/2015,77.1638031,48.16867828,69.48517609,19.99950981,75.1606369,53.09342575,46.09314728,42.23278809,41.09420395
7/18/2015,77.1638031,48.16867828,69.48517609,19.99950981,75.1606369,53.09342575,46.09314728,42.23278809,41.09420395
7/19/2015,77.1638031,48.16867828,69.48517609,19.99950981,75.1606369,53.09342575,46.09314728,42.23278809,41.09420395
7/20/2015,77.20279694,48.25526047,68.56433105,20.02314186,75.40476227,53.10309601,45.70629501,42.4563942,40.88565063
7/21/2015,76.9590683,48.13981247,68.59311676,19.99950981,75.07274628,52.53271866,45.42582703,42.17445374,40.51594543
7/22/2015,77.32953644,48.24563599,68.03677368,20.14917183,75.23874664,52.30069733,45.23240662,41.49391174,40.69606018
7/23/2015,76.87133026,48.06285477,67.97921753,19.97587967,74.96533203,51.81732559,44.57476044,41.40641022,40.0893631
7/24/2015,76.87133026,47.79348755,66.67469788,19.78683281,73.09046936,51.14060593,43.59796524,41.18280411,40.12728119
7/25/2015,76.87133026,47.79348755,66.67469788,19.78683281,73.09046936,51.14060593,43.59796524,41.18280411,40.12728119
7/26/2015,76.87133026,47.79348755,66.67469788,19.78683281,73.09046936,51.14060593,43.59796524,41.18280411,40.12728119
7/27/2015,76.29612732,47.76462555,65.71548462,19.64504814,73.02211761,50.88925552,43.11440277,40.81336212,40.63917923
7/28/2015,76.89082336,48.30335999,67.59553528,19.72381783,74.34037781,51.87533188,44.01382828,41.18280411,40.8287735
7/29/2015,77.68050385,48.46690369,68.51638031,19.92074013,74.46731567,52.51338196,44.33298111,41.4550209,40.98044586
7/30/2015,77.96322632,48.30335999,68.03677368,19.92074013,74.35990906,52.46504593,44.55541992,41.53279495,41.2837944
7/31/2015,78.20695496,48.39956284,66.54999542,19.85772514,74.78956604,52.41670609,44.43936539,41.39668655,41.70089722
8/1/2015,78.20695496,48.39956284,66.54999542,19.85772514,74.78956604,52.41670609,44.43936539,41.39668655,41.70089722
8/2/2015,78.20695496,48.39956284,66.54999542,19.85772514,74.78956604,52.41670609,44.43936539,41.39668655,41.70089722
8/3/2015,77.94372559,48.46690369,65.14955139,19.834095,74.73097992,52.16535568,44.09119797,41.17308044,41.91893005
8/4/2015,78.27519989,48.46690369,64.92892456,19.80258751,74.69191742,52.13635254,44.28462219,40.93002701,41.24587631
8/5/2015,77.42702484,48.89019775,64.43973541,19.88135719,75.31687164,52.42637634,44.507061,41.32863235,41.35015106
8/6/2015,76.37412262,48.52462769,65.46608734,19.81046486,73.67636108,52.15568542,44.35232162,40.92030716,41.5681839
8/7/2015,76.31563568,48.25526047,64.29585266,19.84984779,73.54942322,51.90433502,43.73336029,40.94947052,42.08008575
8/8/2015,76.31563568,48.25526047,64.29585266,19.84984779,73.54942322,51.90433502,43.73336029,40.94947052,42.08008575
8/9/2015,76.31563568,48.25526047,64.29585266,19.84984779,73.54942322,51.90433502,43.73336029,40.94947052,42.08008575
8/10/2015,76.92982483,48.4380455,66.34856415,20.03889465,74.14508057,52.91941071,44.80686951,41.5911293,41.90945053
8/11/2015,76.23764038,48.26487732,66.47325897,19.85772514,73.52012634,52.271698,43.97513962,40.96891403,42.11800385
8/12/2015,75.90617371,48.29374313,67.68186188,19.67655563,73.56894684,52.28136063,44.13955307,41.15363312,42.86689377
8/13/2015,76.34487915,48.10133743,66.65550995,19.74744797,73.40294647,52.24269104,44.01382828,41.03697205,42.87637329
8/14/2015,76.39363098,48.25526047,66.5116272,19.88923454,73.60800934,52.57138443,44.21692276,41.24113464,43.19868088
8/15/2015,76.39363098,48.25526047,66.5116272,19.88923454,73.60800934,52.57138443,44.21692276,41.24113464,43.19868088
8/16/2015,76.39363098,48.25526047,66.5116272,19.88923454,73.60800934,52.57138443,44.21692276,41.24113464,43.19868088
8/17/2015,77.12480927,48.30335999,66.65550995,19.92861748,74.35014343,52.83240509,44.46837616,41.47446442,43.40723038
8/18/2015,77.19304657,48.06285477,66.40611267,19.91286278,74.24272919,52.73573303,44.17824173,41.26057816,43.30295944
8/19/2015,77.05656433,47.62032318,64.57402039,19.73169518,73.9400177,52.24269104,43.63665009,40.98836136,43.48307037
8/20/2015,74.89227295,47.18740845,63.1160202,19.31421661,72.22138977,51.15994263,42.81459427,39.98698044,43.22711945
8/21/2015,72.4940033,45.89829254,60.90983963,18.62104797,70.01451874,49.74850082,41.77009964,38.46061325,42.70574188
8/22/2015,72.4940033,45.89829254,60.90983963,18.62104797,70.01451874,49.74850082,41.77009964,38.46061325,42.70574188
8/23/2015,72.4940033,45.89829254,60.90983963,18.62104797,70.01451874,49.74850082,41.77009964,38.46061325,42.70574188
8/24/2015,69.59853363,44.30133057,57.63893509,17.8412323,67.03621674,47.92136002,40.01960373,37.08007813,41.11316299
8/25/2015,69.31581116,43.9646225,56.80442047,17.58917236,66.36243439,47.35098267,39.39097214,36.6523056,39.84289169
8/26/2015,71.94805145,45.26335526,58.76120758,18.25083351,69.1649704,48.8300972,40.4548111,38.49950409,40.55386353
8/27/2015,73.63464355,45.92715454,61.6676178,18.69981766,70.51252747,50.00952148,41.92483902,39.39393616,41.02784348
8/28/2015,73.66388702,45.83095169,63.06806564,18.61317062,70.11215973,50.02885818,42.16661835,39.47171021,40.90460968
8/29/2015,73.66388702,45.83095169,63.06806564,18.61317062,70.11215973,50.02885818,42.16661835,39.47171021,40.90460968
8/30/2015,73.66388702,45.83095169,63.06806564,18.61317062,70.11215973,50.02885818,42.16661835,39.47171021,40.90460968
8/31/2015,73.09844208,45.51348114,63.72032547,18.45563316,68.83296204,49.58415222,41.93451309,39.1119957,40.25051498
9/1/2015,71.24612427,44.58031845,61.47577286,17.856987,67.02645111,48.26939011,40.65790939,37.85784531,39.16035843
9/2/2015,72.74747467,45.18639374,62.0417099,18.10117149,68.40329742,49.34246826,41.23818207,38.77172089,39.188797
9/3/2015,72.77672577,45.49423981,62.21436691,18.20357132,67.91505432,49.37147141,41.48963165,38.80088806,39.36890793
9/4/2015,71.99680328,44.75348282,61.18801117,17.8412323,67.06551361,48.68508911,40.66757965,38.20783997,38.82857132
9/5/2015,71.99680328,44.75348282,61.18801117,17.8412323,67.06551361,48.68508911,40.66757965,38.20783997,38.82857132
9/6/2015,71.99680328,44.75348282,61.18801117,17.8412323,67.06551361,48.68508911,40.66757965,38.20783997,38.82857132
9/7/2015,71.99680328,44.75348282,61.18801117,17.8412323,67.06551361,48.68508911,40.66757965,38.20783997,38.82857132
9/8/2015,73.66388702,45.68664551,62.14722443,18.2980938,68.94037628,50.02885818,41.68305588,39.27726746,39.65329742
9/9/2015,72.87421417,44.93626785,60.97698593,18.04603386,67.87599945,49.49714661,41.36390686,38.76200104,39.16035843
9/10/2015,73.07894897,45.01322556,61.33189392,18.13267899,68.53025055,49.52614975,41.46062088,39.15088654,39.09399796
9/11/2015,73.62489319,45.31145859,60.78514099,18.21144867,68.96966553,49.79683685,41.40259171,39.33560181,39.38787079
9/12/2015,73.62489319,45.31145859,60.78514099,18.21144867,68.96966553,49.79683685,41.40259171,39.33560181,39.38787079
9/13/2015,73.62489319,45.31145859,60.78514099,18.21144867,68.96966553,49.79683685,41.40259171,39.33560181,39.38787079
9/14/2015,73.23492432,45.16715622,60.2575798,18.17206383,68.75483704,49.54548645,40.90935898,39.23838425,39.48266602
9/15/2015,74.00510406,45.70588684,60.92902756,18.43200302,69.7410965,50.4058876,41.20916748,39.74393082,39.69121552
9/16/2015,74.84352112,46.22538376,62.6556015,18.55015564,69.93639374,50.77324677,41.79911041,39.90920639,40.0893631
9/17/2015,75.03850555,46.22538376,62.61723328,18.29021835,70.57111359,50.55089569,41.60569,39.63698959,40.63917923
9/18/2015,73.84814453,45.69405365,60.98475647,17.9385128,69.49765778,49.4400177,40.73314667,39.12502289,40.41252136
9/19/2015,73.84814453,45.69405365,60.98475647,17.9385128,69.49765778,49.4400177,40.73314667,39.12502289,40.41252136
9/20/2015,73.84814453,45.69405365,60.98475647,17.9385128,69.49765778,49.4400177,40.73314667,39.12502289,40.41252136
9/21/2015,74.49404907,46.03295898,61.33268738,18.14433861,68.5763855,49.6830368,40.8693161,39.51568604,40.57520294
9/22/2015,73.50562286,45.52944565,60.68514633,17.9147644,68.15494537,48.96369553,40.110672,38.85155869,40.06801605
9/23/2015,73.30989075,45.60690689,59.90230179,17.9226799,68.08634186,48.62347031,39.25477219,38.94922256,40.17328262
9/24/2015,73.11416626,45.68437576,60.16324997,17.7960186,67.39048004,48.32212067,39.14778519,38.94922256,40.4986496
9/25/2015,73.10437775,45.97486115,60.27922821,18.05725861,65.54792023,48.4193306,39.09915543,38.88085556,40.89100266
9/26/2015,73.10437775,45.97486115,60.27922821,18.05725861,65.54792023,48.4193306,39.09915543,38.88085556,40.89100266
9/27/2015,73.10437775,45.97486115,60.27922821,18.05725861,65.54792023,48.4193306,39.09915543,38.88085556,40.89100266
9/28/2015,71.00030518,45.29705429,57.87269592,17.63768959,63.00951385,47.46669006,37.8833847,37.99209595,40.69004059
9/29/2015,70.76543427,45.27768707,57.7857132,17.66935539,63.58775711,47.77775574,38.02927399,37.82606506,40.69961166
9/30/2015,72.67378235,45.69405365,59.14844513,17.9385128,64.91086578,48.49709702,38.82682037,38.57809448,41.42690277
10/1/2015,73.2120285,45.69405365,59.26442719,17.94643021,65.56752777,48.39016724,39.26449966,38.59762955,40.9388504
10/2/2015,74.25917816,46.323452,61.7096138,17.9701786,66.92984009,49.00257874,40.22739029,39.14455414,41.48431778
10/3/2015,74.25917816,46.323452,61.7096138,17.9701786,66.92984009,49.00257874,40.22739029,39.14455414,41.48431778
10/4/2015,74.25917816,46.323452,61.7096138,17.9701786,66.92984009,49.00257874,40.22739029,39.14455414,41.48431778
10/5/2015,75.35525513,47.11745834,63.57491684,18.35016441,67.10626221,50.39265442,41.27781296,39.91611862,42.0202179
10/6/2015,74.79743195,46.79791641,64.98597717,18.26308441,65.52832794,50.34404755,41.81275177,39.96495056,41.73313141
10/7/2015,75.05187225,47.22396851,65.80747986,18.40558052,66.57701111,51.0050621,42.36714172,40.15051651,41.58958435
10/8/2015,75.97179413,47.7855835,67.06390381,18.51640892,66.77302551,51.71467972,42.96043777,40.33608246,42.10634613
10/9/2015,76.05987549,47.89209747,66.62898254,18.39766312,67.07685089,51.88965607,42.94098282,40.51188278,41.90538406
10/10/2015,76.05987549,47.89209747,66.62898254,18.39766312,67.07685089,51.88965607,42.94098282,40.51188278,41.90538406
10/11/2015,76.05987549,47.89209747,66.62898254,18.39766312,67.07685089,51.88965607,42.94098282,40.51188278,41.90538406
10/12/2015,76.42196655,48.01797485,65.76882172,18.41349602,67.25326538,51.89937973,42.57139206,40.56071472,42.27859879
10/13/2015,76.01094055,47.72748184,65.08261871,18.27100182,66.41040039,51.34529495,42.40604782,40.47281265,42.18289948
10/14/2015,75.23781586,47.17555237,65.64318085,18.12059021,66.28298187,50.79120636,42.74646378,40.39468384,42.17333221
10/15/2015,76.21645355,47.60160828,66.82228088,18.53224182,67.76290894,51.34529495,42.86317825,40.91231155,42.79535675
10/16/2015,76.61769867,48.05670547,66.90926361,18.64307022,68.37056732,51.08283234,42.88262939,40.99044418,42.85277557
10/17/2015,76.61769867,48.05670547,66.90926361,18.64307022,68.37056732,51.08283234,42.88262939,40.99044418,42.85277557
10/18/2015,76.61769867,48.05670547,66.90926361,18.64307022,68.37056732,51.08283234,42.88262939,40.99044418,42.85277557
10/19/2015,76.97978973,48.26973343,65.58518982,18.62723732,68.61558533,51.15087509,42.58111572,41.14670944,42.88148499
10/20/2015,76.88192749,48.24068451,65.76882172,18.73806763,67.53749084,51.49110413,42.64920044,41.03927994,43.02502823
10/21/2015,76.53940582,48.25036621,64.95697784,18.60348892,66.92984009,51.50082779,42.2698822,40.72674942,42.93890381
10/22/2015,77.54740143,49.20898438,66.12641907,18.90431023,66.52800751,52.93950653,43.42729187,41.64480591,43.43652344
10/23/2015,77.92907715,49.13151932,65.9717865,19.11013603,67.9491272,53.13392258,43.78716278,42.80703354,42.67095566
10/24/2015,77.92907715,49.13151932,65.9717865,19.11013603,67.9491272,53.13392258,43.78716278,42.80703354,42.67095566
10/25/2015,77.92907715,49.13151932,65.9717865,19.11013603,67.9491272,53.13392258,43.78716278,42.80703354,42.67095566
10/26/2015,78.47711182,49.03469086,64.3577652,19.03097343,68.21375275,53.01726913,43.42729187,42.64100266,42.51784134
10/27/2015,78.10523224,49.1024704,63.58458328,18.92014313,69.46825409,52.434021,43.24249649,42.39683533,42.36472702
10/28/2015,78.84899902,48.8216629,64.99564362,19.36346054,70.04650879,52.85201645,43.89414597,43.0316658,41.91495132
10/29/2015,79.07408142,48.84103012,65.32424164,19.33971214,70.36013031,52.8228569,43.98168182,42.91446686,41.67571259
10/30/2015,79.24045563,48.29877853,65.74948883,19.06263924,69.91909027,52.75481033,44.04004288,42.63123322,41.86710358
10/31/2015,79.24045563,48.29877853,65.74948883,19.06263924,69.91909027,52.75481033,44.04004288,42.63123322,41.86710358
11/1/2015,79.24045563,48.29877853,65.74948883,19.06263924,69.91909027,52.75481033,44.04004288,42.63123322,41.86710358
11/2/2015,79.60254669,48.58927155,67.28618622,19.32387924,71.40882111,53.36721802,44.31237411,43.01213455,41.91495132
11/3/2015,79.90592957,48.35688019,69.00652313,19.35554504,71.15399933,53.40610123,44.48744202,43.23676682,42.03936005
11/4/2015,79.38724518,48.15353775,68.3879776,19.30012894,70.84037018,53.26028824,44.19565964,43.28559875,42.25946045
11/5/2015,79.67105103,48.14385223,67.80809021,19.37929344,70.61495209,53.32833862,43.97195816,43.15863037,41.89581299
11/6/2015,79.68083954,47.62097168,67.46015167,19.57720375,70.32093048,53.32833862,44.08867264,43.30513,40.43166351
11/7/2015,79.68083954,47.62097168,67.46015167,19.57720375,70.32093048,53.32833862,44.08867264,43.30513,40.43166351
11/8/2015,79.68083954,47.62097168,67.46015167,19.57720375,70.32093048,53.32833862,44.08867264,43.30513,40.43166351
11/9/2015,78.58476257,47.30143356,66.79328918,19.36346054,69.78188324,52.92006302,43.78716278,42.88516617,40.53692627
11/10/2015,79.32852936,47.42731094,66.93826294,19.45054054,70.25232697,52.91034317,43.46619797,42.60193634,40.90056992
11/11/2015,78.85878754,47.3595314,65.51753998,19.38721085,69.55646515,52.97838974,43.51482773,42.58240128,41.25465012
11/12/2015,78.12480927,46.72045517,64.02915955,19.09430313,68.35095978,52.25904846,42.63947678,42.21126938,40.86229706
11/13/2015,76.06965637,46.31376648,63.76821136,18.93597794,68.18434906,52.02574921,43.18413925,41.38110733,40.70918274
11/14/2015,76.06965637,46.31376648,63.76821136,18.93597794,68.18434906,52.02574921,43.18413925,41.38110733,40.70918274
11/15/2015,76.06965637,46.31376648,63.76821136,18.93597794,68.18434906,52.02574921,43.18413925,41.38110733,40.70918274
11/16/2015,76.98957825,47.10777283,65.89446259,19.16555214,69.03701782,52.69648361,43.73852921,42.01594162,41.39819336
11/17/2015,77.13637543,47.08840561,65.16960907,19.12597084,69.33103943,52.58955383,43.68989944,42.02570343,40.65176392
11/18/2015,78.45754242,47.73716736,66.24240112,19.46637535,70.6835556,53.31861496,44.46799088,42.66053391,40.91014099
11/19/2015,78.55540466,47.86304855,65.35323334,19.49803925,69.49765778,53.55191803,44.41936111,42.85586548,41.35034561
11/20/2015,79.49489594,47.5241394,64.65737152,19.52970505,70.09550476,53.82409668,44.2831955,43.16839981,41.52259827
11/21/2015,79.49489594,47.5241394,64.65737152,19.52970505,70.09550476,53.82409668,44.2831955,43.16839981,41.52259827
11/22/2015,79.49489594,47.5241394,64.65737152,19.52970505,70.09550476,53.82409668,44.2831955,43.16839981,41.52259827
11/23/2015,79.7884903,47.9405098,65.12127686,19.45054054,69.91909027,53.55191803,44.34155273,42.91446686,41.13981247
11/24/2015,79.62212372,48.06639099,66.51300812,19.39512634,70.13471222,53.46442795,44.71114349,42.9242363,41.08239746
11/25/2015,80.02336121,48.19226837,65.9717865,19.41095924,70.51694489,53.46442795,44.42908859,42.78749847,40.83358383
11/26/2015,80.02336121,48.19226837,65.9717865,19.41095924,70.51694489,53.46442795,44.42908859,42.78749847,40.83358383
11/27/2015,79.72977448,48.37624741,65.49820709,19.45845795,70.65415192,53.56163406,44.37073135,42.88516617,40.91014099
11/28/2015,79.72977448,48.37624741,65.49820709,19.45845795,70.65415192,53.56163406,44.37073135,42.88516617,40.91014099
11/29/2015,79.72977448,48.37624741,65.49820709,19.45845795,70.65415192,53.56163406,44.37073135,42.88516617,40.91014099
11/30/2015,79.05451202,47.85336304,65.73982239,19.44262505,69.69367981,53.21168518,44.47771835,42.93399811,40.97713089
12/1/2015,79.86678314,48.26005173,66.26172638,19.65636826,70.86977386,53.46442795,44.78895569,43.31489563,41.30249786
12/2/2015,79.17195129,48.01797485,64.21279144,19.42679214,70.27191925,52.92006302,44.18593597,43.04143143,40.38381577
12/3/2015,77.97801208,47.76621628,62.92737961,19.11013603,68.73319244,52.25904846,43.79688644,42.4847374,40.07758331
12/4/2015,79.48511505,48.84103012,62.5311203,19.61678505,70.35032654,53.03671265,44.56525421,43.52976227,40.64218903
12/5/2015,79.48511505,48.84103012,62.5311203,19.61678505,70.35032654,53.03671265,44.56525421,43.52976227,40.64218903
12/6/2015,79.48511505,48.84103012,62.5311203,19.61678505,70.35032654,53.03671265,44.56525421,43.52976227,40.64218903
12/7/2015,79.15237427,48.9765892,60.15358353,19.43470764,69.95829773,52.77425003,43.76771164,43.31489563,40.82401657
12/8/2015,78.91750336,48.85071564,59.53503799,19.18930054,70.1151123,51.92853928,42.94098282,43.20746231,40.76659775
12/9/2015,77.90950775,48.38592529,60.31788635,18.96764183,69.40945435,51.77300644,44.23456573,42.57263565,40.77616882
12/10/2015,78.17373657,48.44402695,60.7044754,18.98347473,69.92889404,52.01602936,43.90387726,42.68983459,40.10629272
12/11/2015,76.39260864,47.91146088,58.43325424,18.56390572,68.89980316,51.14115906,42.7367363,41.80107498,39.99145889
12/12/2015,76.39260864,47.91146088,58.43325424,18.56390572,68.89980316,51.14115906,42.7367363,41.80107498,39.99145889
12/13/2015,76.39260864,47.91146088,58.43325424,18.56390572,68.89980316,51.14115906,42.7367363,41.80107498,39.99145889
12/14/2015,76.78406525,48.38592529,58.74252701,18.60348892,69.35064697,51.32585144,42.17261887,42.12337112,40.19242096
12/15/2015,77.20487976,48.69578171,60.22123718,19.03888893,70.25232697,51.33557129,42.40604782,42.30893707,40.50821686
12/16/2015,78.49668884,49.63503265,59.82498169,19.34762764,71.1638031,52.24932861,42.8437233,42.88516617,41.53216553
12/17/2015,77.20487976,48.99595642,58.35593414,19.07055473,70.39933777,51.38417816,41.98781967,42.21126938,41.61829376
12/18/2015,75.99645996,48.13407516,57.34326172,18.56374741,69.38279724,50.60524368,41.4246788,41.39663696,41.10660553
12/19/2015,75.99645996,48.13407516,57.34326172,18.56374741,69.38279724,50.60524368,41.4246788,41.39663696,41.10660553
12/20/2015,75.99645996,48.13407516,57.34326172,18.56374741,69.38279724,50.60524368,41.4246788,41.39663696,41.10660553
12/21/2015,76.37973785,48.68038559,57.4017868,18.74699593,70.01274109,50.99647522,41.79707718,41.81875229,41.07759857
12/22/2015,76.93990326,49.3144989,58.0748024,18.92227554,70.4852066,51.70068359,42.32627869,42.12306595,41.42571259
12/23/2015,77.33300018,49.675457,60.60106659,19.14535904,71.24310303,52.30708694,43.32588196,42.47646332,42.06392288
12/24/2015,77.12662506,49.62667847,60.05485153,19.12942505,71.31200409,52.28752518,43.22788239,42.45683289,42.03491211
12/25/2015,77.12662506,49.62667847,60.05485153,19.12942505,71.31200409,52.28752518,43.22788239,42.45683289,42.03491211
12/26/2015,77.12662506,49.62667847,60.05485153,19.12942505,71.31200409,52.28752518,43.22788239,42.45683289,42.03491211
12/27/2015,77.12662506,49.62667847,60.05485153,19.12942505,71.31200409,52.28752518,43.22788239,42.45683289,42.03491211
12/28/2015,77.32318115,49.55839157,58.96240997,19.11349106,70.97734833,52.17015839,42.9240799,42.42737961,42.11227417
12/29/2015,78.21748352,49.98763657,59.37207794,19.31267166,71.84352875,52.6689682,43.32588196,43.00655746,42.34435272
12/30/2015,77.58851624,49.81203461,58.57225418,19.17722893,71.53839874,52.22883987,42.9240799,42.64334488,42.30567169
12/31/2015,76.81214142,49.25596619,58.83561325,18.98601341,70.89860535,51.84739304,42.5516777,42.04453278,41.85118484
1/1/2016,76.81214142,49.25596619,58.83561325,18.98601341,70.89860535,51.84739304,42.5516777,42.04453278,41.85118484
1/2/2016,76.81214142,49.25596619,58.83561325,18.98601341,70.89860535,51.84739304,42.5516777,42.04453278,41.85118484
1/3/2016,76.81214142,49.25596619,58.83561325,18.98601341,70.89860535,51.84739304,42.5516777,42.04453278,41.85118484
1/4/2016,75.49525452,48.63160706,58.81610489,18.61951828,69.61901855,51.15296555,41.88527679,41.49480438,41.76415634
1/5/2016,75.39698029,48.94378662,59.04044342,18.69122505,69.95368195,51.2898941,41.86567688,41.38682175,42.06392288
1/6/2016,74.65991211,48.77794266,56.7677803,18.40440369,69.38279724,50.49765778,40.76807785,40.87635803,41.98656464
1/7/2016,73.12680817,48.19260788,55.38272476,17.88652992,67.97525787,49.12836456,39.66067123,39.66891479,41.70613861
1/8/2016,72.34060669,47.8218956,54.67068863,17.60767555,66.95159149,48.62954712,39.25887299,39.3547821,41.68680191
1/9/2016,72.34060669,47.8218956,54.67068863,17.60767555,66.95159149,48.62954712,39.25887299,39.3547821,41.68680191
1/10/2016,72.34060669,47.8218956,54.67068863,17.60767555,66.95159149,48.62954712,39.25887299,39.3547821,41.68680191
1/11/2016,72.91059875,48.27065277,53.50022125,17.63157654,66.15431213,48.65888977,38.59247208,39.61001205,41.90920639
1/12/2016,73.71646881,48.5340538,53.62702179,17.76702118,67.00080872,49.05011749,38.65127182,40.08121109,41.74481583
1/13/2016,71.23009491,47.64629745,52.33950424,17.30491829,65.0125351,47.86665344,37.75947189,39.00138474,41.72547531
1/14/2016,71.74112701,47.87067413,54.59265518,17.45629692,66.75473022,48.43393707,38.26907349,39.73762894,42.35401917
1/15/2016,70.26699829,47.11949158,53.01252365,17.0659008,65.81964874,47.58301544,37.48507309,38.6185379,41.97689438
1/16/2016,70.26699829,47.11949158,53.01252365,17.0659008,65.81964874,47.58301544,37.48507309,38.6185379,41.97689438
1/17/2016,70.26699829,47.11949158,53.01252365,17.0659008,65.81964874,47.58301544,37.48507309,38.6185379,41.97689438
1/18/2016,70.26699829,47.11949158,53.01252365,17.0659008,65.81964874,47.58301544,37.48507309,38.6185379,41.97689438
1/19/2016,70.53233337,47.68531418,51.87131882,17.05793381,65.80981445,47.57323456,37.02446747,38.65780258,42.60543442
1/20/2016,69.91320038,47.09022903,50.49601746,16.72330856,65.93776703,46.95705032,36.75006866,38.35348892,41.64812088
1/21/2016,70.80750275,47.27558136,52.06639099,16.6516037,65.74091339,47.16244507,37.07346725,38.56945419,41.60943985
1/22/2016,72.04577637,48.08529282,54.36831665,16.95435905,66.78426361,47.57323456,37.73987198,39.63946152,42.35401917
1/23/2016,72.04577637,48.08529282,54.36831665,16.95435905,66.78426361,47.57323456,37.73987198,39.63946152,42.35401917
1/24/2016,72.04577637,48.08529282,54.36831665,16.95435905,66.78426361,47.57323456,37.73987198,39.63946152,42.35401917
1/25/2016,71.22026825,47.65604782,51.83230209,16.61176682,66.16416168,46.98639297,36.5344696,39.17808533,41.99623489
1/26/2016,72.26198578,48.08529282,53.79283524,16.89062119,66.66614532,47.87643814,37.16167068,39.56093216,42.28633118
1/27/2016,71.13182068,48.04627609,53.53923416,16.82688141,65.90824127,47.33849716,36.86766815,38.74615097,42.38302994
1/28/2016,72.04577637,48.5340538,55.1681366,16.83485031,64.37274933,47.61235809,36.92647171,39.24679947,43.05992126
1/29/2016,72.83198547,49.51936722,56.77753448,17.30491829,65.42594147,48.89362717,37.99467468,40.48369217,43.92053604
1/30/2016,72.83198547,49.51936722,56.77753448,17.30491829,65.42594147,48.89362717,37.99467468,40.48369217,43.92053604
1/31/2016,72.83198547,49.51936722,56.77753448,17.30491829,65.42594147,48.89362717,37.99467468,40.48369217,43.92053604
2/1/2016,73.27422333,49.685215,55.83140564,17.23321342,65.52436829,48.77626038,38.151474,40.6309433,44.33634186
2/2/2016,71.84923553,49.05109787,53.96840668,16.75517654,64.57944489,47.79819107,37.8966713,39.9045105,44.52973938
2/3/2016,71.6625061,48.94378662,55.88993073,16.77111244,65.00269318,48.57086563,39.17067337,39.8554306,45.08092117
2/4/2016,71.24974823,48.49502945,55.86066818,16.91452217,64.64834595,49.41200638,40.25847626,39.89469528,44.88752365
2/5/2016,68.95009613,48.41698456,54.56339645,16.69143867,63.38845444,48.94252777,39.79787827,38.77560425,45.0325737
2/6/2016,68.95009613,48.41698456,54.56339645,16.69143867,63.38845444,48.94252777,39.79787827,38.77560425,45.0325737
2/7/2016,68.95009613,48.41698456,54.56339645,16.69143867,63.38845444,48.94252777,39.79787827,38.77560425,45.0325737
2/8/2016,67.61355591,48.29016495,54.28053284,16.26917458,62.52227402,48.5317421,38.74927521,38.21605682,44.87785721
2/9/2016,67.50544739,48.61209869,52.97350693,16.24527168,62.98488998,48.82516098,39.22947311,38.03935623,45.0325737
2/10/2016,67.38751984,48.55356598,52.75892258,16.15763092,63.54593658,48.5904274,38.85707092,38.1178894,44.98422623
2/11/2016,67.3482132,48.16334152,52.53458405,15.663661,62.52227402,47.62213898,38.0142746,38.0197258,44.19129562
2/12/2016,68.58648682,48.84623337,53.91963959,16.32494545,63.35892105,48.5806427,39.1412735,38.54981995,44.05591583
2/13/2016,68.58648682,48.84623337,53.91963959,16.32494545,63.35892105,48.5806427,39.1412735,38.54981995,44.05591583
2/14/2016,68.58648682,48.84623337,53.91963959,16.32494545,63.35892105,48.5806427,39.1412735,38.54981995,44.05591583
2/15/2016,68.58648682,48.84623337,53.91963959,16.32494545,63.35892105,48.5806427,39.1412735,38.54981995,44.05591583
2/16/2016,70.24733734,49.23645401,54.45610428,16.58786392,64.54991913,49.55871201,39.73907471,39.23698044,44.33634186
2/17/2016,71.76078033,49.7437439,56.24106979,16.81094933,65.36687469,50.32160568,40.5230751,40.04194641,44.24931335
2/18/2016,71.2890625,49.51936722,55.53878784,16.71534157,64.96331787,50.29226303,40.40547562,39.88487625,44.97455215
2/19/2016,71.48561096,49.59741211,55.4119873,16.71534157,64.89442444,50.19445801,39.93507767,39.91432953,44.67478943
2/20/2016,71.48561096,49.59741211,55.4119873,16.71534157,64.89442444,50.19445801,39.93507767,39.91432953,44.67478943
2/21/2016,71.48561096,49.59741211,55.4119873,16.71534157,64.89442444,50.19445801,39.93507767,39.91432953,44.67478943
2/22/2016,72.87129974,49.84130478,56.82630539,16.97826004,65.81964874,51.04537582,40.69947815,40.44442749,45.19696045
2/23/2016,72.46836853,49.83154678,54.88527679,16.67550468,65.32750702,50.53678131,39.69987488,39.80634689,45.23564148
2/24/2016,72.89095306,49.98763657,55.44124985,16.6356678,65.54405212,50.56612015,40.1114769,40.11066437,45.44837952
2/25/2016,73.61818695,50.55345917,55.49002075,16.8667202,66.36101532,51.2312088,40.63087463,40.61130905,45.91253281
2/26/2016,73.53957367,49.84130478,55.82165146,16.98622894,66.24289703,51.29967117,41.21887589,40.50332642,44.64577866
2/27/2016,73.53957367,49.84130478,55.82165146,16.98622894,66.24289703,51.29967117,41.21887589,40.50332642,44.64577866
2/28/2016,73.53957367,49.84130478,55.82165146,16.98622894,66.24289703,51.29967117,41.21887589,40.50332642,44.64577866
2/29/2016,73.15628815,49.675457,55.18764496,16.80298233,65.1897049,50.97691345,40.964077,40.21864319,44.77148819
3/1/2016,75.0923233,50.15348053,56.63122559,17.36865807,66.58740234,51.97454071,42.01268005,41.41627121,44.5490799
3/2/2016,75.02352905,50.29981232,58.01628113,17.55987167,66.69567871,52.01366425,41.84608078,41.53406906,44.78115463
3/3/2016,75.46577454,50.55345917,58.89413452,17.67938042,66.50865936,52.3853302,42.10087967,41.53406906,45.05191422
3/4/2016,75.39698029,50.76808167,59.45986176,17.75108528,66.3511734,52.60050583,42.59088135,41.6420517,45.55474854
3/5/2016,75.39698029,50.76808167,59.45986176,17.75108528,66.3511734,52.60050583,42.59088135,41.6420517,45.55474854
3/6/2016,75.39698029,50.76808167,59.45986176,17.75108528,66.3511734,52.60050583,42.59088135,41.6420517,45.55474854
3/7/2016,75.07266998,50.4559021,60.85467148,17.74311829,66.88269043,52.75699615,43.08088303,41.38682175,45.80616379
3/8/2016,74.48301697,50.6022377,58.29914856,17.45629692,66.06572723,52.01366425,42.23807907,41.13158798,46.26064682
3/9/2016,74.6304245,50.98270416,59.24527359,17.48019791,66.18384552,52.17993546,42.50268173,41.48498535,46.47338104
3/10/2016,74.8171463,51.00221634,59.29404449,17.46426582,66.2232132,52.1016922,42.72808075,41.44571686,46.51206207
3/11/2016,75.96697235,51.1680603,60.82540894,17.91839981,67.51263428,52.85480118,43.51208115,42.08379745,46.56040955
3/12/2016,75.96697235,51.1680603,60.82540894,17.91839981,67.51263428,52.85480118,43.51208115,42.08379745,46.56040955
3/13/2016,75.96697235,51.1680603,60.82540894,17.91839981,67.51263428,52.85480118,43.51208115,42.08379745,46.56040955
3/14/2016,76.25196838,51.13879395,60.42549896,17.86262894,67.22718811,52.90370941,43.21808243,42.13288116,46.61843109
3/15/2016,76.23232269,51.26561737,60.30845261,17.85466194,66.18384552,52.87436295,43.316082,42.28994751,46.70545959
3/16/2016,76.85145569,51.3826828,61.35211945,17.81482315,66.02635956,53.06019974,43.67868423,42.78077698,47.42102814
3/17/2016,76.95955658,51.69486237,62.19095612,18.02994156,65.25860596,54.22409821,44.48228455,42.93784332,47.68211365
3/18/2016,77.05891418,51.62745285,62.36886978,18.20761108,66.02310944,54.68652725,44.66583633,43.00675964,47.3799324
3/19/2016,77.05891418,51.62745285,62.36886978,18.20761108,66.02310944,54.68652725,44.66583633,43.00675964,47.3799324
3/20/2016,77.05891418,51.62745285,62.36886978,18.20761108,66.02310944,54.68652725,44.66583633,43.00675964,47.3799324
3/21/2016,77.09838104,51.6568718,62.15275574,18.17556953,66.40834045,55.01093292,44.87234879,43.15475082,47.33121872
3/22/2016,76.9701004,51.35289001,61.80893326,18.1194973,67.07015991,54.69636154,44.3609848,43.16461945,47.17533112
3/23/2016,76.42736053,51.36269379,60.45330048,17.98332024,66.59601593,54.34246445,43.81028366,42.91796112,47.52607727
3/24/2016,76.52603912,51.30386353,60.74800873,17.87117577,66.56639099,54.18518066,43.81028366,43.03635406,47.65273666
3/25/2016,76.52603912,51.30386353,60.74800873,17.87117577,66.56639099,54.18518066,43.81028366,43.03635406,47.65273666
3/26/2016,76.52603912,51.30386353,60.74800873,17.87117577,66.56639099,54.18518066,43.81028366,43.03635406,47.65273666
3/27/2016,76.52603912,51.30386353,60.74800873,17.87117577,66.56639099,54.18518066,43.81028366,43.03635406,47.65273666
3/28/2016,76.87142181,51.57842255,60.42383194,17.927248,66.37870789,54.20484161,43.99712753,42.92782593,47.47736359
3/29/2016,77.65098572,51.96084976,60.70871353,17.95928955,67.14916992,54.55873489,44.24297714,43.59872818,48.1788559
3/30/2016,78.14438629,52.30405426,60.82659149,18.06342506,67.15904999,54.65703583,44.4396553,43.85525131,48.06193924
3/31/2016,78.05558014,52.02948761,60.79712296,18.02337265,66.95162201,54.52923965,44.06596375,43.7664566,48.34448624
4/1/2016,78.38122559,52.57861328,59.98177719,18.1835804,67.71220398,54.78483582,44.48882294,44.10190582,48.52959824
4/2/2016,78.38122559,52.57861328,59.98177719,18.1835804,67.71220398,54.78483582,44.48882294,44.10190582,48.52959824
4/3/2016,78.38122559,52.57861328,59.98177719,18.1835804,67.71220398,54.78483582,44.48882294,44.10190582,48.52959824
4/4/2016,77.76940918,52.59822464,59.53972244,18.09546661,68.52218628,54.1655159,43.90862274,43.93418121,48.32500076
4/5/2016,77.10825348,52.24521637,59.13696289,17.83913231,67.63318634,53.83128357,43.63327026,43.50993347,47.41890335
4/6/2016,77.83847809,52.65705872,60.41401291,17.93525887,69.45069885,54.09670639,44.13479996,43.93418121,47.36045074
4/7/2016,76.9602356,52.0883255,60.06036758,17.59882164,68.69010925,53.57569504,43.49559784,43.302742,47.34096146
4/8/2016,76.84181213,52.37269211,61.26864624,17.66290474,68.50243378,53.7821312,43.78078079,43.302742,47.59427643
4/9/2016,76.84181213,52.37269211,61.26864624,17.66290474,68.50243378,53.7821312,43.78078079,43.302742,47.59427643
4/10/2016,76.84181213,52.37269211,61.26864624,17.66290474,68.50243378,53.7821312,43.78078079,43.302742,47.59427643
4/11/2016,76.5556488,52.00007248,61.013237,17.7349987,67.97891235,53.80179214,43.97745895,43.18434906,47.38967896
4/12/2016,77.13785553,52.32366562,62.83057022,17.95928955,68.53206635,54.11636734,44.58716583,43.48033524,47.72093582
4/13/2016,78.22333527,51.92162323,63.12527466,18.36782074,69.17412567,54.92245865,45.02968979,43.92431641,47.4286499
4/14/2016,78.22333527,51.68628693,63.27262115,18.40787125,69.21363068,55.0207634,45.05919647,43.91444778,47.37018967
4/15/2016,78.44042969,52.00987625,62.41798401,18.34378815,69.16424561,55.0994072,45.26570892,43.74672318,47.63325119
4/16/2016,78.44042969,52.00987625,62.41798401,18.34378815,69.16424561,55.0994072,45.26570892,43.74672318,47.63325119
4/17/2016,78.44042969,52.00987625,62.41798401,18.34378815,69.16424561,55.0994072,45.26570892,43.74672318,47.63325119
4/18/2016,79.18052673,52.30405426,63.44944382,18.47996521,69.8062973,55.14855957,45.47222137,43.93418121,47.818367
4/19/2016,78.74633026,52.2746315,64.71666718,18.71226501,70.05324554,55.54177475,46.44578552,43.6875267,47.89631271
4/20/2016,78.84501648,51.56861877,65.29624939,18.85645294,70.4285965,55.45330048,46.30810928,43.77632141,46.69792938
4/21/2016,78.56871033,50.76454544,64.91313934,18.68823433,70.84346771,55.31567764,46.10159302,43.61846161,45.72363663
4/22/2016,78.41082764,50.95085526,65.85618591,18.86446381,70.99163055,55.45330048,46.42611694,42.85876465,46.13283539
4/23/2016,78.41082764,50.95085526,65.85618591,18.86446381,70.99163055,55.45330048,46.42611694,42.85876465,46.13283539
4/24/2016,78.41082764,50.95085526,65.85618591,18.86446381,70.99163055,55.45330048,46.42611694,42.85876465,46.13283539
4/25/2016,78.49963379,51.30386353,65.11943054,18.82441139,70.71505737,55.18788147,46.26877213,42.86863327,46.22052383
4/26/2016,78.68712616,51.09794235,66.16070557,18.94456673,70.44835663,55.6794014,46.64246368,42.66143799,46.28872299
4/27/2016,78.60818481,51.34308624,67.41810608,18.97660828,70.36933136,56.07261276,47.03582001,42.46411896,46.96099091
4/28/2016,77.75953674,51.39211655,66.41612244,18.77634811,70.03349304,55.53194427,46.59329224,41.93134308,46.89278412
4/29/2016,78.15425873,51.28425217,66.30805969,18.67221451,68.9370575,55.20754242,46.31793976,41.56629181,47.17533112
4/30/2016,78.15425873,51.28425217,66.30805969,18.67221451,68.9370575,55.20754242,46.31793976,41.56629181,47.17533112
5/1/2016,78.15425873,51.28425217,66.30805969,18.67221451,68.9370575,55.20754242,46.31793976,41.56629181,47.17533112
5/2/2016,79.24960327,51.87259674,66.23929596,18.84043121,69.33216095,55.49261856,46.48511887,41.87214279,47.55530548
5/3/2016,78.51937103,51.77453995,64.67736816,18.60012054,69.12473297,55.04042435,45.71807098,41.48736191,47.51633835
5/4/2016,78.16412354,51.93143082,63.74414825,18.45593262,68.45304108,54.3621254,45.25587463,41.35910034,48.07168579
5/5/2016,77.66085815,51.9412384,64.26478577,18.44792175,68.73949432,54.33263779,45.02968979,41.37883377,47.88656616
5/6/2016,78.23320007,52.20599365,64.11743927,18.52802658,68.3345108,54.69636154,45.39355087,41.68468857,47.57479095
5/7/2016,78.23320007,52.20599365,64.11743927,18.52802658,68.3345108,54.69636154,45.39355087,41.68468857,47.57479095
5/8/2016,78.23320007,52.20599365,64.11743927,18.52802658,68.3345108,54.69636154,45.39355087,41.68468857,47.57479095
5/9/2016,78.45029449,52.49036026,63.18421555,18.47996521,69.11486053,54.45059967,44.84284592,41.68468857,47.84759521
5/10/2016,79.45682526,53.01006699,64.29425812,18.74430847,69.69763947,55.38449097,45.59022903,42.22732925,47.89631271
5/11/2016,77.85822296,52.58841705,64.49073029,18.54404831,68.85803223,54.92245865,45.43288803,41.92147446,48.07168579
5/12/2016,78.00623322,52.87278748,64.66754913,18.55205917,68.45304108,54.80449677,45.62956238,41.80308151,48.35422516
5/13/2016,77.07865143,52.20599365,63.84238052,18.32776642,68.29499817,54.11636734,45.18703842,41.64522171,48.12039948
5/14/2016,77.07865143,52.20599365,63.84238052,18.32776642,68.29499817,54.11636734,45.18703842,41.64522171,48.12039948
5/15/2016,77.07865143,52.20599365,63.84238052,18.32776642,68.29499817,54.11636734,45.18703842,41.64522171,48.12039948
5/16/2016,77.56217957,52.53939056,64.92295837,18.42389297,69.22351074,54.78483582,45.96391678,42.22732925,48.1788559
5/17/2016,76.68392944,51.5097847,65.22748566,18.31975746,68.50243378,54.51941299,45.72790527,41.80308151,47.36045074
5/18/2016,76.23986816,50.91162872,64.5987854,18.64017105,68.78888702,54.33263779,45.02968979,41.88201141,46.47384262
5/19/2016,76.17079163,51.41172791,64.60860443,18.46394348,68.20609283,53.82145309,45.18703842,41.65508652,46.94150162
5/20/2016,76.67406464,51.14696884,64.99172211,18.59210968,68.83827209,54.09670639,45.51155853,42.15826416,47.04867172
5/21/2016,76.67406464,51.14696884,64.99172211,18.59210968,68.83827209,54.09670639,45.51155853,42.15826416,47.04867172
5/22/2016,76.67406464,51.14696884,64.99172211,18.59210968,68.83827209,54.09670639,45.51155853,42.15826416,47.04867172
5/23/2016,76.40763092,51.19599915,64.82472229,18.57608795,68.56169891,53.99840164,46.04259109,42.07933426,46.62973022
5/24/2016,77.3253479,51.62745285,65.14889526,18.85645294,69.54947662,54.55873489,46.34744263,42.86863327,47.09738922
5/25/2016,77.74967194,51.70589828,66.18035126,19.0567131,69.98410034,54.93228912,46.91781235,43.16461945,46.96099091
5/26/2016,77.90755463,51.91181946,65.90529633,18.94456673,69.99398041,54.77500153,46.41628265,43.302742,47.49684906
5/27/2016,78.27267456,51.97065735,65.94459534,19.07273293,70.31006622,54.9814415,46.39661407,43.50993347,47.57479095
5/28/2016,78.27267456,51.97065735,65.94459534,19.07273293,70.31006622,54.9814415,46.39661407,43.50993347,47.57479095
5/29/2016,78.27267456,51.97065735,65.94459534,19.07273293,70.31006622,54.9814415,46.39661407,43.50993347,47.57479095
5/30/2016,78.27267456,51.97065735,65.94459534,19.07273293,70.31006622,54.9814415,46.39661407,43.50993347,47.57479095
5/31/2016,78.19372559,51.63726044,65.68917847,19.02467155,70.4779892,54.97161102,46.16059875,43.59872818,47.88656616
6/1/2016,78.14438629,52.16677094,65.70883179,19.06472206,70.73480988,55.0207634,46.21960449,43.49020004,48.01322556
6/2/2016,78.57857513,52.18638229,65.62041473,19.10477638,71.64356995,55.08957291,46.47528458,43.450737,48.03271103
6/3/2016,78.06544495,52.51977921,65.36501312,18.83242226,71.40650177,55.04042435,46.86864471,43.35207367,48.79265976
6/4/2016,78.06544495,52.51977921,65.36501312,18.83242226,71.40650177,55.04042435,46.86864471,43.35207367,48.79265976
6/5/2016,78.06544495,52.51977921,65.36501312,18.83242226,71.40650177,55.04042435,46.86864471,43.35207367,48.79265976
6/6/2016,78.26280212,52.57861328,66.80905914,18.94456673,71.79173279,55.5614357,47.35050583,43.43100357,48.7244606
6/7/2016,78.36148071,52.51977921,68.32185364,18.90451622,71.347229,55.82685471,47.37017441,43.6085968,48.68548584
6/8/2016,78.45029449,52.83356094,68.16468811,18.92053604,71.59417725,56.18074799,47.64552689,43.69739151,48.97777939
6/9/2016,78.27267456,53.03948593,67.64404297,18.78435898,71.47564697,56.17092133,47.3013382,43.70725632,49.3967247
6/10/2016,77.45362854,53.07870865,66.18035126,18.55205917,70.90273285,55.51228333,46.94731522,43.3718071,49.27006531
6/11/2016,77.45362854,53.07870865,66.18035126,18.55205917,70.90273285,55.51228333,46.94731522,43.3718071,49.27006531
6/12/2016,77.45362854,53.07870865,66.18035126,18.55205917,70.90273285,55.51228333,46.94731522,43.3718071,49.27006531
6/13/2016,77.02931213,52.63745117,65.98388672,18.42389297,70.33969879,54.91263199,46.42611694,42.88836288,49.21160507
6/14/2016,76.83195496,52.84337234,65.94459534,18.15153885,70.44835663,54.92245865,46.08192825,42.98702621,49.4746666
6/15/2016,77.04904938,52.68647766,65.78742218,18.17556953,69.96434784,54.9421196,46.2884407,42.87849808,49.16289139
6/16/2016,77.29574585,52.9610405,65.47307587,18.22363281,70.21129608,55.04042435,46.44578552,42.96729279,49.4746666
6/17/2016,77.17407227,52.74864578,66.13752747,18.20849228,69.485466,55.08682251,46.64767838,42.68245697,49.65159988
6/18/2016,77.17407227,52.74864578,66.13752747,18.20849228,69.485466,55.08682251,46.64767838,42.68245697,49.65159988
6/19/2016,77.17407227,52.74864578,66.13752747,18.20849228,69.485466,55.08682251,46.64767838,42.68245697,49.65159988
6/20/2016,77.86727905,52.91635132,66.71100616,18.31318665,69.92185974,55.59093475,46.91451645,42.86091995,49.46497726
6/21/2016,77.68902588,53.05446243,67.5019989,18.4178772,69.68383026,55.55139542,46.78603745,43.15835571,49.53373337
6/22/2016,77.58009338,53.08405685,67.12627411,18.40177345,69.88218689,55.39324188,46.83545303,43.00963593,49.29799652
6/23/2016,78.34262848,53.40960693,68.23368073,18.78833008,70.79464722,56.03574371,47.55691147,43.59460068,49.43550873
6/24/2016,75.41133881,52.38363647,66.02876282,17.78166962,68.7217865,53.75239944,45.48148346,41.91902924,49.71053314
6/25/2016,75.41133881,52.38363647,66.02876282,17.78166962,68.7217865,53.75239944,45.48148346,41.91902924,49.71053314
6/26/2016,75.41133881,52.38363647,66.02876282,17.78166962,68.7217865,53.75239944,45.48148346,41.91902924,49.71053314
6/27/2016,74.04472351,52.27511978,63.91283798,17.27431107,67.81924438,52.48717499,43.94961929,41.07628632,50.12306976
6/28/2016,75.5202713,52.60066986,65.69258118,17.71724319,69.13834381,53.37678909,44.32517624,41.88928604,50.30968857
6/29/2016,76.73834229,53.21230698,66.9384079,18.11990738,70.45743561,54.3257103,45.0762825,42.53373337,50.44720459
6/30/2016,77.30281067,54.40597916,67.47233582,18.40982437,71.12194061,55.36359024,45.79774094,42.99972534,51.53747559
7/1/2016,78.10494995,54.14949036,67.82828522,18.31318665,71.56824493,55.54151154,45.8175087,43.09886932,51.54729843
7/2/2016,78.10494995,54.14949036,67.82828522,18.31318665,71.56824493,55.54151154,45.8175087,43.09886932,51.54729843
7/3/2016,78.10494995,54.14949036,67.82828522,18.31318665,71.56824493,55.54151154,45.8175087,43.09886932,51.54729843
7/4/2016,78.10494995,54.14949036,67.82828522,18.31318665,71.56824493,55.54151154,45.8175087,43.09886932,51.54729843
7/5/2016,77.47116089,54.45530319,66.46381378,18.0393734,71.49881744,55.03739929,44.98733521,42.78160095,51.93036652
7/6/2016,78.13466644,54.50463486,66.75055695,18.08769226,72.30218506,55.31416702,45.1652298,43.07904434,52.038414
7/7/2016,78.47136688,54.39611816,66.0683136,18.11185455,72.19308472,55.46243668,45.28382492,43.07904434,51.07582855
7/8/2016,79.83797455,54.93869781,66.94830322,18.45814514,73.08570099,56.56951141,46.41048431,43.75323486,51.60623169
7/9/2016,79.83797455,54.93869781,66.94830322,18.45814514,73.08570099,56.56951141,46.41048431,43.75323486,51.60623169
7/10/2016,79.83797455,54.93869781,66.94830322,18.45814514,73.08570099,56.56951141,46.41048431,43.75323486,51.60623169
7/11/2016,80.30342102,54.94855881,67.07683563,18.5628376,72.88734436,56.92535782,46.63779068,44.01101685,51.56694412
7/12/2016,80.62031555,54.65260696,68.73793793,18.7963829,73.2443924,57.44923782,47.48772812,44.36794281,50.8597374
7/13/2016,80.22418976,54.95842743,68.14469147,18.7963829,73.21463776,57.5876236,47.61621094,44.37785721,51.26245117
7/14/2016,80.55099487,54.94855881,68.49074554,18.97355652,73.53201294,58.02254486,48.04117966,44.66538239,50.9284935
7/15/2016,80.19448853,54.94855881,68.45119476,18.9413414,73.47250366,58.01266098,48.20918655,44.62572098,51.07582855
7/16/2016,80.19448853,54.94855881,68.45119476,18.9413414,73.47250366,58.01266098,48.20918655,44.62572098,51.07582855
7/17/2016,80.19448853,54.94855881,68.45119476,18.9413414,73.47250366,58.01266098,48.20918655,44.62572098,51.07582855
7/18/2016,80.5014801,54.88936996,68.50064087,19.00576973,73.5022583,57.96323776,48.52544022,44.92316055,51.2231636
7/19/2016,80.35293579,54.84991074,68.11502838,19.01382065,73.34356689,57.9928894,48.23883438,44.82401276,51.13476181
7/20/2016,80.68963623,54.65260696,68.01615143,19.04603577,74.0080719,58.10162354,48.25860214,45.40897751,50.84009552
7/21/2016,80.47177124,54.49476624,67.34380341,18.94939423,74.22627258,57.50854874,47.96211243,45.17102432,51.14458466
7/22/2016,80.80847168,54.75126266,67.55143738,19.07019615,74.37503815,57.61727524,48.09059143,45.4387207,51.82232285
7/23/2016,80.80847168,54.75126266,67.55143738,19.07019615,74.37503815,57.61727524,48.09059143,45.4387207,51.82232285
7/24/2016,80.80847168,54.75126266,67.55143738,19.07019615,74.37503815,57.61727524,48.09059143,45.4387207,51.82232285
7/25/2016,80.93721008,54.69207001,66.20674133,19.02992821,74.29569244,57.31085587,48.01152802,45.37923431,51.73392105
7/26/2016,80.83818054,54.26786804,66.59234619,19.04603577,74.16676331,57.78531647,48.37720108,45.4783783,51.28209686
7/27/2016,80.59060669,53.45893097,65.93977356,19.03798103,74.50397491,57.55797195,48.43649673,45.85513687,50.69276047
7/28/2016,80.739151,53.69569778,65.94966125,19.07824707,74.43454742,57.53820038,48.36731339,45.88488007,50.88920593
7/29/2016,80.82827759,53.96205139,66.62200928,19.04603577,74.58332062,57.37015915,48.12023926,46.05342865,51.19369507
7/30/2016,80.82827759,53.96205139,66.62200928,19.04603577,74.58332062,57.37015915,48.12023926,46.05342865,51.19369507
7/31/2016,80.82827759,53.96205139,66.62200928,19.04603577,74.58332062,57.37015915,48.12023926,46.05342865,51.19369507
8/1/2016,80.95702362,54.02124405,64.42698669,18.9977169,75.05938721,57.30096817,47.85339737,46.14265823,51.2231636
8/2/2016,79.74885559,53.94232178,65.01035309,18.83664894,74.77175903,56.76720428,47.72491837,45.79564667,50.88920593
8/3/2016,79.97661591,53.64636612,66.26605988,19.02992821,74.56348419,57.04397202,47.8435173,45.95428085,50.5847168
8/4/2016,79.93701172,53.76475143,66.16719055,18.98160934,74.45438385,57.06373978,48.04117966,46.20214844,50.55524826
8/5/2016,80.77876282,53.85353851,66.77032471,19.34400558,74.63291168,57.637043,48.19930649,46.64830399,49.82839966
8/6/2016,80.77876282,53.85353851,66.77032471,19.34400558,74.63291168,57.637043,48.19930649,46.64830399,49.82839966
8/7/2016,80.77876282,53.85353851,66.77032471,19.34400558,74.63291168,57.637043,48.19930649,46.64830399,49.82839966
8/8/2016,80.51138306,53.79434586,67.66020203,19.36816597,73.99816132,57.71612167,48.29813385,46.63838959,49.80875397
8/9/2016,80.27371216,53.96205139,67.30425262,19.38427353,74.17668152,57.69635391,48.14988708,46.73753738,49.79893494
8/10/2016,80.44206238,54.15935135,66.57257843,19.2312603,73.92873383,57.66670227,48.15977097,46.5888176,49.80875397
8/11/2016,81.24420929,54.15935135,67.55143738,19.27152824,74.35520935,58.04231262,48.36731339,46.75736618,49.92662048
8/12/2016,81.20459747,54.34679031,67.92716217,19.21515465,74.16676331,57.88415909,47.85339737,46.70779419,49.99537659
8/13/2016,81.20459747,54.34679031,67.92716217,19.21515465,74.16676331,57.88415909,47.85339737,46.70779419,49.99537659
8/14/2016,81.20459747,54.34679031,67.92716217,19.21515465,74.16676331,57.88415909,47.85339737,46.70779419,49.99537659
8/15/2016,81.36303711,54.2086792,68.47097778,19.34400558,74.29569244,58.26965714,48.33766556,46.93582916,49.22924042
8/16/2016,80.89759827,53.9719162,68.57974243,19.29568672,73.63118744,58.01266098,48.08070755,46.5888176,48.64972687
8/17/2016,80.70944214,54.11989594,68.7873764,19.36011314,73.77996063,58.18069839,48.04117966,46.56898499,49.37657547
8/18/2016,80.65992737,54.30733109,70.20129395,19.34400558,73.80971527,58.35861969,48.34754944,46.5888176,49.98555756
8/19/2016,80.70944214,54.17908478,69.61792755,19.33595467,73.75020599,58.33885193,48.41672897,46.61856461,49.37657547
8/20/2016,80.70944214,54.17908478,69.61792755,19.33595467,73.75020599,58.33885193,48.41672897,46.61856461,49.37657547
8/21/2016,80.70944214,54.17908478,69.61792755,19.33595467,73.75020599,58.33885193,48.41672897,46.61856461,49.37657547
8/22/2016,80.63021851,54.25800705,68.81703949,19.33595467,73.89897919,58.28942871,48.34754944,46.61856461,49.50426483
8/23/2016,81.03624725,54.14949036,69.3015213,19.36011314,73.96840668,58.33885193,48.76263428,46.78710938,49.28817749
8/24/2016,80.65002441,54.06070328,69.02467346,19.35206032,72.80799866,58.16093063,48.19930649,46.52933121,49.2685318
8/25/2016,80.38264465,53.85353851,68.83680725,19.39232635,72.19308472,58.15104294,48.43649673,46.62847519,49.29799652
8/26/2016,80.15486908,53.57731247,68.59951019,19.41648674,72.47078705,57.98300934,48.15977097,46.64830399,48.27647781
8/27/2016,80.15486908,53.57731247,68.59951019,19.41648674,72.47078705,57.98300934,48.15977097,46.64830399,48.27647781
8/28/2016,80.15486908,53.57731247,68.59951019,19.41648674,72.47078705,57.98300934,48.15977097,46.64830399,48.27647781
8/29/2016,80.43215942,53.89299393,69.06422424,19.58560562,72.62947083,58.39815903,48.59462357,46.82677078,48.66937256
8/30/2016,79.98652649,53.57731247,68.82692719,19.76277733,72.38152313,58.24000549,48.47602844,46.6681366,48.15861511
8/31/2016,79.77856445,53.64636612,67.73930359,19.77888489,72.16333008,57.91381454,47.99176025,46.5888176,48.35506058
9/1/2016,79.93701172,53.66609955,67.54154968,19.69835091,71.97488403,57.96323776,48.18941879,46.73753738,48.10950089
9/2/2016,80.09545898,54.08043289,68.30289459,19.78693771,72.05422974,58.24989319,48.67368698,46.94574356,48.74794769
9/3/2016,80.09545898,54.08043289,68.30289459,19.78693771,72.05422974,58.24989319,48.67368698,46.94574356,48.74794769
9/4/2016,80.09545898,54.08043289,68.30289459,19.78693771,72.05422974,58.24989319,48.67368698,46.94574356,48.74794769
9/5/2016,80.09545898,54.08043289,68.30289459,19.78693771,72.05422974,58.24989319,48.67368698,46.94574356,48.74794769
9/6/2016,80.2440033,54.19881439,69.33118439,19.7547245,72.31209564,58.08185196,48.56497574,47.18369675,49.27835083
9/7/2016,80.28361511,53.72529221,69.72668457,19.74667168,72.31209564,58.15104294,48.49579239,47.30266953,49.28817749
9/8/2016,79.5904007,53.42933655,71.03183746,19.73056602,72.37161255,58.10162354,48.28825378,46.91600037,49.45515442
9/9/2016,77.6692276,51.97916794,68.91590881,19.36011314,70.92358398,56.4607811,46.88486862,45.76590347,47.59874344
9/10/2016,77.6692276,51.97916794,68.91590881,19.36011314,70.92358398,56.4607811,46.88486862,45.76590347,47.59874344
9/11/2016,77.6692276,51.97916794,68.91590881,19.36011314,70.92358398,56.4607811,46.88486862,45.76590347,47.59874344
9/12/2016,78.75855255,52.95581436,69.59815216,19.5775528,71.97488403,57.18235397,47.32960129,46.52933121,48.44345856
9/13/2016,77.63951874,52.30471802,67.61076355,19.2312603,71.01284027,56.3421669,46.45001602,46.19223404,47.77554703
9/14/2016,77.64941406,52.14687729,66.80987549,19.18294144,71.01284027,56.29273987,46.34130478,46.41035461,47.96216583
9/15/2016,78.21388245,52.57107162,67.64042664,19.29568672,71.74677277,56.73754883,46.63779068,47.17377853,48.32559586
9/16/2016,78.04553223,52.40158844,67.09710693,19.11400414,71.7948761,56.26457214,46.4521904,47.00086975,48.79323196
9/17/2016,78.04553223,52.40158844,67.09710693,19.11400414,71.7948761,56.26457214,46.4521904,47.00086975,48.79323196
9/18/2016,78.04553223,52.40158844,67.09710693,19.11400414,71.7948761,56.26457214,46.4521904,47.00086975,48.79323196
9/19/2016,77.98589325,52.29240036,67.05731201,19.22211838,71.53601074,56.51304626,46.52172852,46.91127014,49.27859116
9/20/2016,78.04553223,52.43136978,66.56987762,19.23207283,71.75505066,56.56274033,46.38265228,46.88140106,49.18944168
9/21/2016,78.80104065,52.71923828,68.11177063,19.35152435,72.47190857,57.29822159,47.08797455,47.4090538,50.18986893
9/22/2016,79.37760925,53.18577957,68.19134521,19.39134407,73.01950073,57.70571899,47.23699188,47.69776917,50.49693298
9/23/2016,79.19867706,52.9475441,67.28610992,19.29179955,72.79050446,57.36779404,46.99856949,47.27962875,50.45731354
9/24/2016,79.19867706,52.9475441,67.28610992,19.29179955,72.79050446,57.36779404,46.99856949,47.27962875,50.45731354
9/25/2016,79.19867706,52.9475441,67.28610992,19.29179955,72.79050446,57.36779404,46.99856949,47.27962875,50.45731354
9/26/2016,78.32388306,52.50085449,66.98767853,18.98320961,71.9442215,57.11931992,46.78001785,47.00086975,50.32854462
9/27/2016,79.11914825,52.71923828,66.54003906,19.1325264,72.45198822,57.51688004,46.9190979,47.51856613,49.67479706
9/28/2016,79.33784485,52.80857468,69.41491699,19.22211838,72.34246826,57.96413803,47.45554352,47.60816956,49.60546112
9/29/2016,78.93027496,52.29240036,69.29553986,18.95334625,71.06806183,57.50694275,47.08797455,47.31945419,48.8625679
9/30/2016,79.56649017,52.81850052,70.2405777,19.21216202,71.7948761,58.02376938,47.43567276,47.56834412,48.52578735
10/1/2016,79.56649017,52.81850052,70.2405777,19.21216202,71.7948761,58.02376938,47.43567276,47.56834412,48.52578735
10/2/2016,79.56649017,52.81850052,70.2405777,19.21216202,71.7948761,58.02376938,47.43567276,47.56834412,48.52578735
10/3/2016,79.51678467,52.48100281,70.19083405,19.12257195,71.73513794,58.07346725,47.37606812,47.42896652,47.84232712
10/4/2016,79.23844147,52.0343132,69.47460175,19.20220757,71.5957489,57.58645248,46.73034668,47.25971603,46.84189606
10/5/2016,79.56649017,51.98468018,70.53900146,19.51079941,71.87451935,57.95419693,47.04824066,47.42896652,46.74284744
10/6/2016,79.62612915,52.08394241,70.64842224,19.54066086,71.60570526,57.95419693,47.43567276,47.53847885,46.73294067
10/7/2016,79.26825714,51.94497681,70.2405777,19.53070641,71.55592346,57.20877075,46.55153275,47.4090538,46.67350769
10/8/2016,79.26825714,51.94497681,70.2405777,19.53070641,71.55592346,57.20877075,46.55153275,47.4090538,46.67350769
10/9/2016,79.26825714,51.94497681,70.2405777,19.53070641,71.55592346,57.20877075,46.55153275,47.4090538,46.67350769
10/10/2016,79.39749146,51.94497681,71.34476471,19.63025093,71.88448334,57.26840591,46.82968903,47.7375946,47.05981445
10/11/2016,78.43323517,51.67695999,70.52906036,19.45107079,70.08238983,56.67206955,46.19390106,47.1999855,46.52492905
10/12/2016,78.80104065,51.96482849,70.23062134,19.43116188,69.75382996,56.78139496,46.104496,47.27962875,46.98057175
10/13/2016,78.51275635,51.97475815,69.84266663,19.24202728,69.78369904,56.76152039,45.86607361,46.98095703,47.56498337
10/14/2016,78.42329407,51.98468018,69.43480682,19.33161736,69.31575012,56.8807869,46.01508713,47.16016006,47.29753876
10/15/2016,78.42329407,51.98468018,69.43480682,19.33161736,69.31575012,56.8807869,46.01508713,47.16016006,47.29753876
10/16/2016,78.42329407,51.98468018,69.43480682,19.33161736,69.31575012,56.8807869,46.01508713,47.16016006,47.29753876
10/17/2016,77.77713776,51.73652267,69.09658813,19.24202728,69.08676147,56.7317009,46.05482483,47.0606041,47.5550766
10/18/2016,78.29405212,51.89534378,69.37512207,19.40129852,69.91313934,56.85096741,46.47205734,47.31945419,47.96118927
10/19/2016,78.64199066,51.59755325,70.35993958,19.57052422,69.65427399,57.02986908,46.80982208,47.4090538,47.85223007
10/20/2016,78.49287415,51.5677681,70.28036499,19.57052422,69.98283386,56.72176361,46.77008438,47.19002533,47.8225174
10/21/2016,79.11914825,51.84571075,69.82276917,19.56056976,69.40536499,56.64225006,46.75021362,47.31945419,47.54517365
10/22/2016,79.11914825,51.84571075,69.82276917,19.56056976,69.40536499,56.64225006,46.75021362,47.31945419,47.54517365
10/23/2016,79.11914825,51.84571075,69.82276917,19.56056976,69.40536499,56.64225006,46.75021362,47.31945419,47.54517365
10/24/2016,79.68577576,52.18321228,69.61386871,19.62029648,69.27593231,56.75157928,46.85948944,47.77741241,47.72346497
10/25/2016,78.75134277,52.37181091,69.29553986,19.60038757,69.07680511,56.60249329,46.43231964,47.60816956,48.02062225
10/26/2016,78.41334534,52.3023262,69.45470428,19.719841,68.658638,56.80127335,46.36278152,47.3393631,48.13948441
10/27/2016,77.75725555,52.06409073,69.19606781,19.76961327,68.97724152,56.41365433,46.30318069,47.27962875,47.85223007
10/28/2016,77.57832336,52.28247452,69.00705719,19.6800251,67.48379517,56.75157928,46.42238998,47.22985077,48.00081253
10/29/2016,77.57832336,52.28247452,69.00705719,19.6800251,67.48379517,56.75157928,46.42238998,47.22985077,48.00081253
10/30/2016,77.57832336,52.28247452,69.00705719,19.6800251,67.48379517,56.75157928,46.42238998,47.22985077,48.00081253
10/31/2016,77.63796234,52.4115181,68.2609787,19.65016174,67.06563568,56.86090851,46.44225693,47.20993805,48.96162033
11/1/2016,77.09121704,52.18321228,68.27092743,19.57052422,66.70720673,56.37389755,46.17403412,46.801754,48.07014847
11/2/2016,76.62400055,52.05416489,67.51490784,19.44111633,66.35874176,56.16518021,45.92567825,46.50308609,47.46592712
11/3/2016,76.42517853,51.69681549,67.78349304,19.46102524,65.73148346,56.07572937,45.93561172,46.0550766,47.64422226
11/4/2016,76.27606201,51.2302742,67.41542816,19.40129852,66.18947601,56.12542343,46.09455872,45.97543335,47.49564743
11/5/2016,76.27606201,51.2302742,67.41542816,19.40129852,66.18947601,56.12542343,46.09455872,45.97543335,47.49564743
11/6/2016,76.27606201,51.2302742,67.41542816,19.40129852,66.18947601,56.12542343,46.09455872,45.97543335,47.49564743
11/7/2016,78.03559875,52.09387207,68.86779022,19.8890686,67.88204956,57.50694275,46.79988861,46.97100449,48.3276825
11/8/2016,78.35370636,52.31225204,68.95732117,19.89902306,68.07121277,57.85480881,46.94889832,47.1999855,48.70408249
11/9/2016,78.51275635,51.59755325,70.08140564,20.74515533,70.47068787,59.30589676,47.94231415,47.14025116,46.91123581
11/10/2016,78.80104065,50.21778107,70.37984467,21.51165009,71.24727631,60.56814957,48.49863052,46.3836174,45.78203583
11/11/2016,79.24838257,50.16814423,69.09658813,21.5713768,70.18195343,60.67747879,47.83303833,46.52299881,45.59383774
11/12/2016,79.24838257,50.16814423,69.09658813,21.5713768,70.18195343,60.67747879,47.83303833,46.52299881,45.59383774
11/13/2016,79.24838257,50.16814423,69.09658813,21.5713768,70.18195343,60.67747879,47.83303833,46.52299881,45.59383774
11/14/2016,79.25831604,50.07881165,69.48455048,22.09896469,69.96291351,60.9358902,47.94231415,45.81614304,45.56412125
11/15/2016,79.56649017,50.38652802,71.44424438,22.07905579,70.16204834,61.16448593,48.14099884,46.46326065,46.2971077
11/16/2016,80.00388336,50.39645386,70.94686127,21.7605114,69.86334991,60.81662369,48.05159378,46.89135742,45.98014069
11/17/2016,80.96814728,50.30711746,70.46936798,22.05914688,70.14212799,60.9458313,48.07146072,47.19002533,45.99004745
11/18/2016,80.71961975,50.12844086,70.75785065,22.05914688,69.39540863,60.92595291,48.00192261,47.15020752,45.85137177
11/19/2016,80.71961975,50.12844086,70.75785065,22.05914688,69.39540863,60.92595291,48.00192261,47.15020752,45.85137177
11/20/2016,80.71961975,50.12844086,70.75785065,22.05914688,69.39540863,60.92595291,48.00192261,47.15020752,45.85137177
11/21/2016,81.24648285,50.46593857,72.43901062,22.1387825,69.64431,61.25393677,48.56816864,47.62808228,46.33673096
11/22/2016,82.21074677,50.72402573,72.39922333,22.14873695,68.63872528,61.53223038,48.86619568,47.77741241,46.51502609
11/23/2016,82.29027557,50.44608688,72.69765472,22.27814484,68.907547,61.98942184,49.08474731,47.58825684,46.04947662
11/24/2016,82.29027557,50.44608688,72.69765472,22.27814484,68.907547,61.98942184,49.08474731,47.58825684,46.04947662
11/25/2016,82.48908997,50.84313965,72.33953857,22.3080101,69.17636871,62.3273468,49.23375702,47.78737259,46.71313095
11/26/2016,82.48908997,50.84313965,72.33953857,22.3080101,69.17636871,62.3273468,49.23375702,47.78737259,46.71313095
11/27/2016,82.48908997,50.84313965,72.33953857,22.3080101,69.17636871,62.3273468,49.23375702,47.78737259,46.71313095
11/28/2016,81.83300018,50.95233154,71.33481598,22.04919243,68.658638,61.89997101,49.03507614,47.8271904,47.61450958
11/29/2016,82.05169678,51.02181625,70.45942688,22.10891914,69.10667419,61.94966507,49.08474731,47.85705948,47.81261444
11/30/2016,81.36577606,50.20785141,74.04058838,22.40755463,68.44956207,62.02917862,49.61125565,47.28958511,46.30701447
12/1/2016,81.40554047,49.88027954,74.21965027,22.79577827,67.95174408,62.43667984,49.6311264,46.3139267,45.94052124
12/2/2016,80.95819855,50.19792557,74.43849945,22.54691696,68.11104584,62.42673874,49.65099335,46.48317337,46.35654068
12/3/2016,80.95819855,50.19792557,74.43849945,22.54691696,68.11104584,62.42673874,49.65099335,46.48317337,46.35654068
12/4/2016,80.95819855,50.19792557,74.43849945,22.54691696,68.11104584,62.42673874,49.65099335,46.48317337,46.35654068
12/5/2016,81.84294128,50.25748062,75.09503937,22.81568909,67.99156952,62.37704086,50.03842545,46.93117905,46.41597366
12/6/2016,82.03181458,50.4063797,74.9557724,23.01477814,68.18073273,62.49631119,50.09803391,47.07056046,46.326828
12/7/2016,83.62234497,51.13100815,75.55263519,23.37314034,67.59331512,63.65916824,50.81328964,47.96657562,46.93104553
12/8/2016,83.62234497,50.92255402,75.960495,23.59213829,67.7227478,63.30136871,51.15105438,48.0860405,47.01028824
12/9/2016,83.81122589,51.65710831,76.19923401,23.64191055,68.54911804,63.58959961,51.16098785,48.4344902,47.50555038
12/10/2016,83.81122589,51.65710831,76.19923401,23.64191055,68.54911804,63.58959961,51.16098785,48.4344902,47.50555038
12/11/2016,83.81122589,51.65710831,76.19923401,23.64191055,68.54911804,63.58959961,51.16098785,48.4344902,47.50555038
12/12/2016,83.1153717,51.86556625,76.55735016,23.41295624,68.87767792,63.36100388,50.93250275,48.28515625,48.00081253
12/13/2016,83.8609314,52.10379791,77.42279816,23.47268486,69.43523407,63.27155304,50.85302734,48.89245605,48.49607468
12/14/2016,83.29430389,51.53799057,75.87095642,23.36318398,69.07680511,62.6354599,50.24704361,48.72320557,47.49564743
12/15/2016,83.09548187,51.75637436,76.04006958,23.56227493,69.52484131,62.70503235,50.57487106,48.94223404,47.83242035
12/16/2016,82.68999481,52.04999924,76.50999451,23.3599987,69.58000183,62.57999802,50.41999817,48.59000015,48.40999985
12/17/2016,82.68999481,52.04999924,76.50999451,23.3599987,69.58000183,62.57999802,50.41999817,48.59000015,48.40999985
12/18/2016,82.68999481,52.04999924,76.50999451,23.3599987,69.58000183,62.57999802,50.41999817,48.59000015,48.40999985
12/19/2016,82.90999603,52.14999771,76.15999603,23.36999893,69.29000092,62.93000031,50.31999969,48.93999863,48.59000015
12/20/2016,83.56999969,52.04999924,75.98999786,23.65999985,69.23999786,63.2899971,50.36000061,49.11999893,48.64999771
12/21/2016,83.52999878,52.0399971,76.11000061,23.60000038,68.84999847,63.04999924,50.37999725,49.02000046,48.45000076
12/22/2016,82.62999725,51.95999908,76.41999817,23.53999901,68.93999481,62.93000031,50.16999817,48.91999817,48.61999893
12/23/2016,82.44999695,52.05999756,76.34999847,23.57999992,69.45999908,62.98999786,50.27000046,48.96999741,48.61000061
12/24/2016,82.44999695,52.05999756,76.34999847,23.57999992,69.45999908,62.98999786,50.27000046,48.96999741,48.61000061
12/25/2016,82.44999695,52.05999756,76.34999847,23.57999992,69.45999908,62.98999786,50.27000046,48.96999741,48.61000061
12/26/2016,82.44999695,52.05999756,76.34999847,23.57999992,69.45999908,62.98999786,50.27000046,48.96999741,48.61000061
12/27/2016,82.76999664,52.04999924,76.51999664,23.6099987,69.59999847,63.11999893,50.5399971,49.16999817,48.64999771
12/28/2016,82.19999695,51.72999954,75.68999481,23.36999893,69.06999969,62.45999908,50.02999878,48.72999954,48.18999863
12/29/2016,82.08999634,51.96999741,75.54000092,23.19999886,69.18999481,62.43999863,50.02999878,48.73999786,48.84000015
12/30/2016,81.40000153,51.70999908,75.31999969,23.25,68.93999481,62.21999741,49.70000076,48.36000061,48.56999969
12/31/2016,81.40000153,51.70999908,75.31999969,23.25,68.93999481,62.21999741,49.70000076,48.36000061,48.56999969
1/1/2017,81.40000153,51.70999908,75.31999969,23.25,68.93999481,62.21999741,49.70000076,48.36000061,48.56999969
1/2/2017,81.40000153,51.70999908,75.31999969,23.25,68.93999481,62.21999741,49.70000076,48.36000061,48.56999969
1/3/2017,81.87999725,51.89999771,76.16999817,23.51000023,69.83999634,62.59000015,49.98999786,48.7899971,48.45000076
1/4/2017,82.97000122,51.89999771,76.00999451,23.69999886,70.38999939,62.95999908,50.71999741,48.95999908,48.62999725
1/5/2017,82.90999603,52.06999969,75.81999969,23.45999908,70.75,62.77999878,50.56999969,49.0399971,48.68000031
1/6/2017,83.31999969,52.11999893,75.88999939,23.53999901,70.94999695,63.13999939,50.61999893,49.39999771,48.82999802
1/7/2017,83.31999969,52.11999893,75.88999939,23.53999901,70.94999695,63.13999939,50.61999893,49.39999771,48.82999802
1/8/2017,83.31999969,52.11999893,75.88999939,23.53999901,70.94999695,63.13999939,50.61999893,49.39999771,48.82999802
1/9/2017,83.25,51.69999695,74.79000092,23.37999916,71.25,62.64999771,50.61000061,49.38999939,48.18999863
1/10/2017,83.54999542,51.43999863,74.11000061,23.43000031,71.5,62.90999985,50.63999939,49.39999771,48.0399971
1/11/2017,83.72999573,51.5399971,74.90999603,23.57999992,70.77999878,63.23999786,51.04999924,49.62999725,48.5399971
1/12/2017,83.65000153,51.48999786,74.59999847,23.37999916,70.84999847,62.97999954,50.95000076,49.50999832,48.57999802
1/13/2017,83.95999908,51.52000046,74.37999725,23.51000023,70.91999817,63.21999741,50.86999893,49.65999985,48.50999832
1/14/2017,83.95999908,51.52000046,74.37999725,23.51000023,70.91999817,63.21999741,50.86999893,49.65999985,48.50999832
1/15/2017,83.95999908,51.52000046,74.37999725,23.51000023,70.91999817,63.21999741,50.86999893,49.65999985,48.50999832
1/16/2017,83.95999908,51.52000046,74.37999725,23.51000023,70.91999817,63.21999741,50.86999893,49.65999985,48.50999832
1/17/2017,84.09999847,52.25,74.83999634,22.94999886,70.55999756,62.72999954,50.63999939,49.46999741,49.0399971
1/18/2017,83.94999695,52.43000031,74.66999817,23.13999939,70.47000122,62.96999741,50.95999908,49.59999847,48.97999954
1/19/2017,83.68999481,52.23999786,74.26000214,23.03999901,70.01999664,63.43000031,50.63999939,49.52999878,48.54999924
1/20/2017,83.93000031,52.57999802,74.54000092,23.14999962,69.83999634,63.43999863,51.09000015,49.79999924,48.63999939
1/21/2017,83.93000031,52.57999802,74.54000092,23.14999962,69.83999634,63.43999863,51.09000015,49.79999924,48.63999939
1/22/2017,83.93000031,52.57999802,74.54000092,23.14999962,69.83999634,63.43999863,51.09000015,49.79999924,48.63999939
1/23/2017,83.98999786,52.55999756,73.75,23,69.54999542,63.09000015,51.18999863,49.88999939,48.38999939
1/24/2017,84.68000031,52.90999985,74.55999756,23.28999901,69.06999969,63.71999741,52.50999832,50.20000076,48.37999725
1/25/2017,85.19999695,52.89999771,74.94999695,23.68000031,69.72000122,64.38999939,52.86000061,50.68000031,48.37999725
1/26/2017,85.33000183,52.66999817,75.01000214,23.73999977,69.18000031,64.54000092,53,50.5399971,48.39999771
1/27/2017,85.05999756,52.37999725,74.22999573,23.64999962,69.75,64.48999786,52.80999756,50.73999786,48.38999939
1/28/2017,85.05999756,52.37999725,74.22999573,23.64999962,69.75,64.48999786,52.80999756,50.73999786,48.38999939
1/29/2017,85.05999756,52.37999725,74.22999573,23.64999962,69.75,64.48999786,52.80999756,50.73999786,48.38999939
1/30/2017,84.95999908,52.34000015,72.86999512,23.45999908,69.40999603,63.93999863,52.27000046,50.32999802,48.43000031
1/31/2017,84.83000183,52.59000015,72.90000153,23.30999947,70.51999664,63.37999725,51.95999908,50.07999802,49.18000031
2/1/2017,84.66999817,52.18000031,72.36000061,23.34000015,71.12999725,63.27000046,52.21999741,50.45999908,48.32999802
2/2/2017,84.59999847,52.65999985,72.76999664,23.25,71.11000061,63.14999771,51.98999786,50.36000061,48.84000015
2/3/2017,84.48999786,53,73.40000153,23.71999931,71.41999817,63.61999893,52.07999802,50.68999863,48.89999771
2/4/2017,84.48999786,53,73.40000153,23.71999931,71.41999817,63.61999893,52.07999802,50.68999863,48.89999771
2/5/2017,84.48999786,53,73.40000153,23.71999931,71.41999817,63.61999893,52.07999802,50.68999863,48.89999771
2/6/2017,84.23999786,52.70999908,72.77999878,23.6099987,71.5,63.70999908,51.93999863,50.71999741,48.79999924
2/7/2017,84.15999603,53.13999939,71.75,23.54999924,71.56999969,63.81999969,51.52999878,50.91999817,48.91999817
2/8/2017,84.68000031,53.36000061,71.91999817,23.38999939,71.45999908,63.72999954,51.64999771,51.00999832,49.39999771
2/9/2017,85.20999908,53.57999802,72.72999573,23.70999908,71.72000122,64.22000122,51.62999725,51.16999817,48.97999954
2/10/2017,85.72999573,53.61999893,73.27999878,23.77999878,71.86000061,64.72999573,52.09999847,51.31999969,49.2899971
2/11/2017,85.72999573,53.61999893,73.27999878,23.77999878,71.86000061,64.72999573,52.09999847,51.31999969,49.2899971
2/12/2017,85.72999573,53.61999893,73.27999878,23.77999878,71.86000061,64.72999573,52.09999847,51.31999969,49.2899971
2/13/2017,85.83000183,53.61999893,73.41999817,24.04999924,72.29999542,65.37999725,52.52999878,51.54999924,49.52999878
2/14/2017,86.31999969,53.62999725,73.65999603,24.32999992,72.86999512,65.40999603,52.52000046,51.71999741,49.16999817
2/15/2017,86.76999664,54.11999893,73.36999512,24.51999855,73.65999603,65.76000214,52.44999695,51.88999939,49.04999924
2/16/2017,86.33000183,54.18999863,72.36999512,24.45999908,73.55999756,65.77999878,52.44999695,52.00999832,49.5399971
2/17/2017,86.61000061,54.45999908,71.97000122,24.46999931,73.65999603,65.88999939,52.29999924,52.18999863,49.56999969
2/18/2017,86.61000061,54.45999908,71.97000122,24.46999931,73.65999603,65.88999939,52.29999924,52.18999863,49.56999969
2/19/2017,86.61000061,54.45999908,71.97000122,24.46999931,73.65999603,65.88999939,52.29999924,52.18999863,49.56999969
2/20/2017,86.61000061,54.45999908,71.97000122,24.46999931,73.65999603,65.88999939,52.29999924,52.18999863,49.56999969
2/21/2017,87.11000061,54.94999695,72.45999908,24.59000015,73.98999786,66.22000122,52.46999741,52.45999908,50.09000015
2/22/2017,87.11000061,54.95999908,71.36000061,24.6099987,73.87999725,66.04000092,52.61000061,52.52000046,50.29999924
,,,,,,,,,
,,,,,,,,,
,,,,,,,,,
,,,,,,,,,
,,,,,,,,,
,,,,,,,,,
,,,,,,,,,
,,,,,,,,,
,,,,,,,,,
,,,,,,,,,
,,,,,,,,,
,,,,,,,,,